<?xml version="1.0" encoding="UTF-8"?>
<export version="D">
  <design>
    <source>C:\Users\johnf\OneDrive\Rowing\Equipment\Open-Source-Stroke-Coach\PCBs\OSSC\OSSC.sch</source>
    <date>6/5/2020 9:22:55 AM</date>
    <tool>Eeschema (5.1.5)-3</tool>
    <sheet number="1" name="/" tstamps="/">
      <title_block>
        <title/>
        <company/>
        <rev/>
        <date/>
        <source>OSSC.sch</source>
        <comment number="1" value=""/>
        <comment number="2" value=""/>
        <comment number="3" value=""/>
        <comment number="4" value=""/>
      </title_block>
    </sheet>
  </design>
  <components>
    <comp ref="U1">
      <value>MCP1700-3302E_SOT23</value>
      <footprint>Package_TO_SOT_SMD:SOT-23</footprint>
      <datasheet>http://ww1.microchip.com/downloads/en/DeviceDoc/20001826D.pdf</datasheet>
      <libsource lib="Regulator_Linear" part="MCP1700-3302E_SOT23" description="250mA Low Quiscent Current LDO, 3.3V output, SOT-23"/>
      <sheetpath names="/" tstamps="/"/>
      <tstamp>5ED289C5</tstamp>
    </comp>
    <comp ref="J1">
      <value>Conn_01x02_Female</value>
      <footprint>Connector_JST:JST_SH_SM02B-SRSS-TB_1x02-1MP_P1.00mm_Horizontal</footprint>
      <datasheet>~</datasheet>
      <libsource lib="Connector" part="Conn_01x02_Female" description="Generic connector, single row, 01x02, script generated (kicad-library-utils/schlib/autogen/connector/)"/>
      <sheetpath names="/" tstamps="/"/>
      <tstamp>5ED2BC1D</tstamp>
    </comp>
    <comp ref="U2">
      <value>ESP32-WROOM-32</value>
      <footprint>RF_Module:ESP32-WROOM-32</footprint>
      <datasheet>https://www.espressif.com/sites/default/files/documentation/esp32-wroom-32_datasheet_en.pdf</datasheet>
      <libsource lib="RF_Module" part="ESP32-WROOM-32" description="RF Module, ESP32-D0WDQ6 SoC, Wi-Fi 802.11b/g/n, Bluetooth, BLE, 32-bit, 2.7-3.6V, onboard antenna, SMD"/>
      <sheetpath names="/" tstamps="/"/>
      <tstamp>5ED2796E</tstamp>
    </comp>
    <comp ref="C3">
      <value>0.1uF</value>
      <footprint>Capacitor_SMD:C_0402_1005Metric</footprint>
      <datasheet>~</datasheet>
      <libsource lib="Device" part="C" description="Unpolarized capacitor"/>
      <sheetpath names="/" tstamps="/"/>
      <tstamp>5ED353EB</tstamp>
    </comp>
    <comp ref="C1">
      <value>0.1uF</value>
      <footprint>Capacitor_SMD:C_0402_1005Metric</footprint>
      <datasheet>~</datasheet>
      <libsource lib="Device" part="C" description="Unpolarized capacitor"/>
      <sheetpath names="/" tstamps="/"/>
      <tstamp>5ED8F6BF</tstamp>
    </comp>
    <comp ref="R1">
      <value>10k</value>
      <footprint>Resistor_SMD:R_0603_1608Metric_Pad1.05x0.95mm_HandSolder</footprint>
      <libsource lib="OSSC-eagle-import" part="RESISTOR0402" description=""/>
      <sheetpath names="/" tstamps="/"/>
      <tstamp>5ED90842</tstamp>
    </comp>
    <comp ref="U3">
      <value>MPU-6050</value>
      <footprint>Sensor_Motion:InvenSense_QFN-24_4x4mm_P0.5mm</footprint>
      <datasheet>https://store.invensense.com/datasheets/invensense/MPU-6050_DataSheet_V3%204.pdf</datasheet>
      <libsource lib="Sensor_Motion" part="MPU-6050" description="InvenSense 6-Axis Motion Sensor, Gyroscope, Accelerometer, I2C"/>
      <sheetpath names="/" tstamps="/"/>
      <tstamp>5ED2C978</tstamp>
    </comp>
    <comp ref="J2">
      <value>Conn_01x04</value>
      <footprint>Connector_PinHeader_1.27mm:PinHeader_1x04_P1.27mm_Vertical</footprint>
      <datasheet>~</datasheet>
      <libsource lib="Connector_Generic" part="Conn_01x04" description="Generic connector, single row, 01x04, script generated (kicad-library-utils/schlib/autogen/connector/)"/>
      <sheetpath names="/" tstamps="/"/>
      <tstamp>5EDA2E9B</tstamp>
    </comp>
    <comp ref="C5">
      <value>0.1uF</value>
      <footprint>Capacitor_SMD:C_0402_1005Metric</footprint>
      <datasheet>~</datasheet>
      <libsource lib="Device" part="C" description="Unpolarized capacitor"/>
      <sheetpath names="/" tstamps="/"/>
      <tstamp>5EDAE547</tstamp>
    </comp>
    <comp ref="C4">
      <value>2.3nF</value>
      <footprint>Capacitor_SMD:C_0402_1005Metric</footprint>
      <datasheet>~</datasheet>
      <libsource lib="Device" part="C" description="Unpolarized capacitor"/>
      <sheetpath names="/" tstamps="/"/>
      <tstamp>5EDB1937</tstamp>
    </comp>
    <comp ref="C2">
      <value>2.2nF</value>
      <footprint>Capacitor_SMD:C_0402_1005Metric</footprint>
      <datasheet>~</datasheet>
      <libsource lib="Device" part="C" description="Unpolarized capacitor"/>
      <sheetpath names="/" tstamps="/"/>
      <tstamp>5EDBBAD5</tstamp>
    </comp>
    <comp ref="R2">
      <value>10k</value>
      <footprint>Resistor_SMD:R_0402_1005Metric</footprint>
      <datasheet>~</datasheet>
      <libsource lib="Device" part="R" description="Resistor"/>
      <sheetpath names="/" tstamps="/"/>
      <tstamp>5EDBF4B2</tstamp>
    </comp>
    <comp ref="R3">
      <value>10k</value>
      <footprint>Resistor_SMD:R_0402_1005Metric</footprint>
      <datasheet>~</datasheet>
      <libsource lib="Device" part="R" description="Resistor"/>
      <sheetpath names="/" tstamps="/"/>
      <tstamp>5EDBFD58</tstamp>
    </comp>
    <comp ref="J3">
      <value>Conn_01x01</value>
      <footprint>Connector_PinHeader_1.00mm:PinHeader_1x01_P1.00mm_Vertical</footprint>
      <datasheet>~</datasheet>
      <libsource lib="Connector_Generic" part="Conn_01x01" description="Generic connector, single row, 01x01, script generated (kicad-library-utils/schlib/autogen/connector/)"/>
      <sheetpath names="/" tstamps="/"/>
      <tstamp>5EDD0851</tstamp>
    </comp>
    <comp ref="J4">
      <value>Conn_01x01</value>
      <footprint>Connector_PinHeader_1.00mm:PinHeader_1x01_P1.00mm_Vertical</footprint>
      <datasheet>~</datasheet>
      <libsource lib="Connector_Generic" part="Conn_01x01" description="Generic connector, single row, 01x01, script generated (kicad-library-utils/schlib/autogen/connector/)"/>
      <sheetpath names="/" tstamps="/"/>
      <tstamp>5EDD12E1</tstamp>
    </comp>
  </components>
  <libparts>
    <libpart lib="Connector" part="Conn_01x02_Female">
      <description>Generic connector, single row, 01x02, script generated (kicad-library-utils/schlib/autogen/connector/)</description>
      <docs>~</docs>
      <footprints>
        <fp>Connector*:*_1x??_*</fp>
      </footprints>
      <fields>
        <field name="Reference">J</field>
        <field name="Value">Conn_01x02_Female</field>
      </fields>
      <pins>
        <pin num="1" name="Pin_1" type="passive"/>
        <pin num="2" name="Pin_2" type="passive"/>
      </pins>
    </libpart>
    <libpart lib="Connector_Generic" part="Conn_01x01">
      <description>Generic connector, single row, 01x01, script generated (kicad-library-utils/schlib/autogen/connector/)</description>
      <docs>~</docs>
      <footprints>
        <fp>Connector*:*_1x??_*</fp>
      </footprints>
      <fields>
        <field name="Reference">J</field>
        <field name="Value">Conn_01x01</field>
      </fields>
      <pins>
        <pin num="1" name="Pin_1" type="passive"/>
      </pins>
    </libpart>
    <libpart lib="Connector_Generic" part="Conn_01x04">
      <description>Generic connector, single row, 01x04, script generated (kicad-library-utils/schlib/autogen/connector/)</description>
      <docs>~</docs>
      <footprints>
        <fp>Connector*:*_1x??_*</fp>
      </footprints>
      <fields>
        <field name="Reference">J</field>
        <field name="Value">Conn_01x04</field>
      </fields>
      <pins>
        <pin num="1" name="Pin_1" type="passive"/>
        <pin num="2" name="Pin_2" type="passive"/>
        <pin num="3" name="Pin_3" type="passive"/>
        <pin num="4" name="Pin_4" type="passive"/>
      </pins>
    </libpart>
    <libpart lib="Device" part="C">
      <description>Unpolarized capacitor</description>
      <docs>~</docs>
      <footprints>
        <fp>C_*</fp>
      </footprints>
      <fields>
        <field name="Reference">C</field>
        <field name="Value">C</field>
      </fields>
      <pins>
        <pin num="1" name="~" type="passive"/>
        <pin num="2" name="~" type="passive"/>
      </pins>
    </libpart>
    <libpart lib="Device" part="R">
      <description>Resistor</description>
      <docs>~</docs>
      <footprints>
        <fp>R_*</fp>
      </footprints>
      <fields>
        <field name="Reference">R</field>
        <field name="Value">R</field>
      </fields>
      <pins>
        <pin num="1" name="~" type="passive"/>
        <pin num="2" name="~" type="passive"/>
      </pins>
    </libpart>
    <libpart lib="OSSC-eagle-import" part="RESISTOR0402">
      <fields>
        <field name="Reference">R</field>
        <field name="Value">RESISTOR0402</field>
      </fields>
      <pins>
        <pin num="1" name="1" type="passive"/>
        <pin num="2" name="2" type="passive"/>
      </pins>
    </libpart>
    <libpart lib="RF_Module" part="ESP32-WROOM-32">
      <aliases>
        <alias>ESP32-WROOM-32D</alias>
      </aliases>
      <description>RF Module, ESP32-D0WDQ6 SoC, Wi-Fi 802.11b/g/n, Bluetooth, BLE, 32-bit, 2.7-3.6V, onboard antenna, SMD</description>
      <docs>https://www.espressif.com/sites/default/files/documentation/esp32-wroom-32_datasheet_en.pdf</docs>
      <footprints>
        <fp>ESP32?WROOM?32*</fp>
      </footprints>
      <fields>
        <field name="Reference">U</field>
        <field name="Value">ESP32-WROOM-32</field>
        <field name="Footprint">RF_Module:ESP32-WROOM-32</field>
      </fields>
      <pins>
        <pin num="1" name="GND" type="power_in"/>
        <pin num="2" name="VDD" type="power_in"/>
        <pin num="3" name="EN" type="input"/>
        <pin num="4" name="SENSOR_VP" type="input"/>
        <pin num="5" name="SENSOR_VN" type="input"/>
        <pin num="6" name="IO34" type="input"/>
        <pin num="7" name="IO35" type="input"/>
        <pin num="8" name="IO32" type="BiDi"/>
        <pin num="9" name="IO33" type="BiDi"/>
        <pin num="10" name="IO25" type="BiDi"/>
        <pin num="11" name="IO26" type="BiDi"/>
        <pin num="12" name="IO27" type="BiDi"/>
        <pin num="13" name="IO14" type="BiDi"/>
        <pin num="14" name="IO12" type="BiDi"/>
        <pin num="15" name="GND" type="passive"/>
        <pin num="16" name="IO13" type="BiDi"/>
        <pin num="17" name="SHD/SD2" type="BiDi"/>
        <pin num="18" name="SWP/SD3" type="BiDi"/>
        <pin num="19" name="SCS/CMD" type="BiDi"/>
        <pin num="20" name="SCK/CLK" type="BiDi"/>
        <pin num="21" name="SDO/SD0" type="BiDi"/>
        <pin num="22" name="SDI/SD1" type="BiDi"/>
        <pin num="23" name="IO15" type="BiDi"/>
        <pin num="24" name="IO2" type="BiDi"/>
        <pin num="25" name="IO0" type="BiDi"/>
        <pin num="26" name="IO4" type="BiDi"/>
        <pin num="27" name="IO16" type="BiDi"/>
        <pin num="28" name="IO17" type="BiDi"/>
        <pin num="29" name="IO5" type="BiDi"/>
        <pin num="30" name="IO18" type="BiDi"/>
        <pin num="31" name="IO19" type="BiDi"/>
        <pin num="32" name="NC" type="NotConnected"/>
        <pin num="33" name="IO21" type="BiDi"/>
        <pin num="34" name="RXD0/IO3" type="BiDi"/>
        <pin num="35" name="TXD0/IO1" type="BiDi"/>
        <pin num="36" name="IO22" type="BiDi"/>
        <pin num="37" name="IO23" type="BiDi"/>
        <pin num="38" name="GND" type="passive"/>
        <pin num="39" name="GND" type="passive"/>
      </pins>
    </libpart>
    <libpart lib="Regulator_Linear" part="MCP1700-3002E_SOT23">
      <aliases>
        <alias>MCP1700-1202E_SOT23</alias>
        <alias>MCP1700-1802E_SOT23</alias>
        <alias>MCP1700-2502E_SOT23</alias>
        <alias>MCP1700-2802E_SOT23</alias>
        <alias>MCP1700-3302E_SOT23</alias>
        <alias>MCP1700-5002E_SOT23</alias>
      </aliases>
      <description>250mA Low Quiscent Current LDO, 3.0V output, SOT-23</description>
      <docs>http://ww1.microchip.com/downloads/en/DeviceDoc/20001826D.pdf</docs>
      <footprints>
        <fp>SOT?23*</fp>
      </footprints>
      <fields>
        <field name="Reference">U</field>
        <field name="Value">MCP1700-3002E_SOT23</field>
        <field name="Footprint">Package_TO_SOT_SMD:SOT-23</field>
      </fields>
      <pins>
        <pin num="1" name="GND" type="power_in"/>
        <pin num="2" name="VO" type="power_out"/>
        <pin num="3" name="VI" type="power_in"/>
      </pins>
    </libpart>
    <libpart lib="Sensor_Motion" part="MPU-6050">
      <description>InvenSense 6-Axis Motion Sensor, Gyroscope, Accelerometer, I2C</description>
      <docs>https://store.invensense.com/datasheets/invensense/MPU-6050_DataSheet_V3%204.pdf</docs>
      <footprints>
        <fp>*QFN-24*4x4mm*P0.5mm*</fp>
      </footprints>
      <fields>
        <field name="Reference">U</field>
        <field name="Value">MPU-6050</field>
        <field name="Footprint">Sensor_Motion:InvenSense_QFN-24_4x4mm_P0.5mm</field>
      </fields>
      <pins>
        <pin num="1" name="CLKIN" type="input"/>
        <pin num="6" name="AUX_SDA" type="BiDi"/>
        <pin num="7" name="AUX_SCL" type="output"/>
        <pin num="8" name="VDDIO" type="power_in"/>
        <pin num="9" name="AD0" type="input"/>
        <pin num="10" name="REGOUT" type="passive"/>
        <pin num="11" name="FSYNC" type="input"/>
        <pin num="12" name="INT" type="output"/>
        <pin num="13" name="VDD" type="power_in"/>
        <pin num="18" name="GND" type="power_in"/>
        <pin num="20" name="CPOUT" type="passive"/>
        <pin num="23" name="SCL" type="input"/>
        <pin num="24" name="SDA" type="BiDi"/>
      </pins>
    </libpart>
  </libparts>
  <libraries>
    <library logical="Connector">
      <uri>C:\Program Files\KiCad\share\kicad\library/Connector.lib</uri>
    </library>
    <library logical="Connector_Generic">
      <uri>C:\Program Files\KiCad\share\kicad\library/Connector_Generic.lib</uri>
    </library>
    <library logical="Device">
      <uri>C:\Program Files\KiCad\share\kicad\library/Device.lib</uri>
    </library>
    <library logical="OSSC-eagle-import">
      <uri>C:\Users\johnf\OneDrive\Rowing\Equipment\Open-Source-Stroke-Coach\PCBs\OSSC/OSSC-eagle-import.lib</uri>
    </library>
    <library logical="RF_Module">
      <uri>C:\Program Files\KiCad\share\kicad\library/RF_Module.lib</uri>
    </library>
    <library logical="Regulator_Linear">
      <uri>C:\Program Files\KiCad\share\kicad\library/Regulator_Linear.lib</uri>
    </library>
    <library logical="Sensor_Motion">
      <uri>C:\Program Files\KiCad\share\kicad\library/Sensor_Motion.lib</uri>
    </library>
  </libraries>
  <nets>
    <net code="1" name="I2C-SCL">
      <node ref="U3" pin="23"/>
      <node ref="U2" pin="36"/>
      <node ref="R3" pin="2"/>
      <node ref="J2" pin="3"/>
    </net>
    <net code="2" name="Net-(U3-Pad6)">
      <node ref="U3" pin="6"/>
    </net>
    <net code="3" name="Net-(U3-Pad7)">
      <node ref="U3" pin="7"/>
    </net>
    <net code="4" name="Net-(C2-Pad1)">
      <node ref="C2" pin="1"/>
      <node ref="U3" pin="8"/>
    </net>
    <net code="5" name="VCC-3.3V">
      <node ref="C2" pin="2"/>
      <node ref="R3" pin="1"/>
      <node ref="R2" pin="1"/>
      <node ref="U3" pin="13"/>
      <node ref="U2" pin="2"/>
      <node ref="U1" pin="2"/>
      <node ref="C3" pin="1"/>
      <node ref="R1" pin="2"/>
      <node ref="J2" pin="1"/>
    </net>
    <net code="6" name="GND">
      <node ref="U1" pin="1"/>
      <node ref="U2" pin="39"/>
      <node ref="J1" pin="1"/>
      <node ref="U2" pin="38"/>
      <node ref="U3" pin="11"/>
      <node ref="C4" pin="2"/>
      <node ref="U2" pin="15"/>
      <node ref="U2" pin="1"/>
      <node ref="U3" pin="9"/>
      <node ref="J2" pin="2"/>
      <node ref="C3" pin="2"/>
      <node ref="C1" pin="1"/>
      <node ref="C5" pin="1"/>
      <node ref="U3" pin="1"/>
      <node ref="U3" pin="18"/>
    </net>
    <net code="7" name="Net-(C4-Pad1)">
      <node ref="C4" pin="1"/>
      <node ref="U3" pin="20"/>
    </net>
    <net code="8" name="I2C-SDA">
      <node ref="U3" pin="24"/>
      <node ref="J2" pin="4"/>
      <node ref="U2" pin="33"/>
      <node ref="R2" pin="2"/>
    </net>
    <net code="9" name="Net-(C1-Pad2)">
      <node ref="U2" pin="3"/>
      <node ref="R1" pin="1"/>
      <node ref="C1" pin="2"/>
    </net>
    <net code="10" name="Net-(J3-Pad1)">
      <node ref="U2" pin="35"/>
      <node ref="J3" pin="1"/>
    </net>
    <net code="11" name="Net-(J4-Pad1)">
      <node ref="U2" pin="34"/>
      <node ref="J4" pin="1"/>
    </net>
    <net code="12" name="Net-(C5-Pad2)">
      <node ref="C5" pin="2"/>
      <node ref="U3" pin="10"/>
    </net>
    <net code="13" name="Net-(U2-Pad20)">
      <node ref="U2" pin="20"/>
    </net>
    <net code="14" name="Net-(U2-Pad13)">
      <node ref="U2" pin="13"/>
    </net>
    <net code="15" name="Net-(U2-Pad14)">
      <node ref="U2" pin="14"/>
    </net>
    <net code="16" name="Net-(U2-Pad16)">
      <node ref="U2" pin="16"/>
    </net>
    <net code="17" name="Net-(U2-Pad17)">
      <node ref="U2" pin="17"/>
    </net>
    <net code="18" name="Net-(U2-Pad18)">
      <node ref="U2" pin="18"/>
    </net>
    <net code="19" name="Net-(U2-Pad19)">
      <node ref="U2" pin="19"/>
    </net>
    <net code="20" name="Net-(U2-Pad12)">
      <node ref="U2" pin="12"/>
    </net>
    <net code="21" name="Net-(U2-Pad21)">
      <node ref="U2" pin="21"/>
    </net>
    <net code="22" name="Net-(U2-Pad22)">
      <node ref="U2" pin="22"/>
    </net>
    <net code="23" name="MPU-6050-INT">
      <node ref="U2" pin="23"/>
      <node ref="U3" pin="12"/>
    </net>
    <net code="24" name="Net-(U2-Pad24)">
      <node ref="U2" pin="24"/>
    </net>
    <net code="25" name="Net-(U2-Pad25)">
      <node ref="U2" pin="25"/>
    </net>
    <net code="26" name="Net-(U2-Pad26)">
      <node ref="U2" pin="26"/>
    </net>
    <net code="27" name="Net-(U2-Pad27)">
      <node ref="U2" pin="27"/>
    </net>
    <net code="28" name="+BATT">
      <node ref="U1" pin="3"/>
      <node ref="J1" pin="2"/>
    </net>
    <net code="29" name="Net-(U2-Pad28)">
      <node ref="U2" pin="28"/>
    </net>
    <net code="30" name="Net-(U2-Pad10)">
      <node ref="U2" pin="10"/>
    </net>
    <net code="31" name="Net-(U2-Pad11)">
      <node ref="U2" pin="11"/>
    </net>
    <net code="32" name="Net-(U2-Pad8)">
      <node ref="U2" pin="8"/>
    </net>
    <net code="33" name="Net-(U2-Pad9)">
      <node ref="U2" pin="9"/>
    </net>
    <net code="34" name="Net-(U2-Pad7)">
      <node ref="U2" pin="7"/>
    </net>
    <net code="35" name="Net-(U2-Pad6)">
      <node ref="U2" pin="6"/>
    </net>
    <net code="36" name="Net-(U2-Pad5)">
      <node ref="U2" pin="5"/>
    </net>
    <net code="37" name="Net-(U2-Pad4)">
      <node ref="U2" pin="4"/>
    </net>
    <net code="38" name="Net-(U2-Pad37)">
      <node ref="U2" pin="37"/>
    </net>
    <net code="39" name="Net-(U2-Pad32)">
      <node ref="U2" pin="32"/>
    </net>
    <net code="40" name="Net-(U2-Pad31)">
      <node ref="U2" pin="31"/>
    </net>
    <net code="41" name="Net-(U2-Pad30)">
      <node ref="U2" pin="30"/>
    </net>
    <net code="42" name="Net-(U2-Pad29)">
      <node ref="U2" pin="29"/>
    </net>
  </nets>
</export>
