16157,-293.11,-633.76,163.39,,
16179,-295.91,-632.18,165.80,,
16199,-310.03,-623.64,178.70,,
16219,-333.45,-615.85,195.94,,
16239,-355.65,-593.92,219.70,,
16258,-369.79,-533.27,261.65,,
16278,-377.11,-432.73,309.05,,
16298,-385.31,-353.21,358.61,,
16319,-399.98,-322.04,398.97,,
16339,-424.91,-344.42,421.23,,
16359,-440.18,-408.98,428.73,,
16379,-452.14,-493.44,408.33,,
16399,-484.35,-592.65,370.49,,
16419,-534.56,-629.47,307.50,,
16439,-585.27,-537.40,223.10,,
16458,-623.56,-311.86,123.49,,
16476,-661.44,-50.30,50.18,,
16498,-738.25,326.68,-8.05,,
16519,-831.63,631.21,-20.62,,
16538,-930.01,864.85,14.06,,
16559,-1024.74,949.79,127.81,,
16579,-1098.31,852.82,305.18,,
16598,-1158.69,632.54,498.46,,
16619,-1218.38,381.48,657.30,,
16638,-1271.91,163.80,750.38,,
16659,-1321.29,-16.66,786.60,,
16678,-1367.61,-143.77,776.67,,
16699,-1419.00,-219.49,733.59,,
16718,-1464.44,-241.75,656.03,,
16738,-1504.81,-223.23,545.11,,
16759,-1541.84,-187.38,416.70,,
16778,-1568.38,-143.75,287.06,,
16799,-1582.98,-105.37,167.83,,
16819,-1587.74,-73.98,67.56,,
16838,-1584.31,-49.77,-6.24,,
16859,-1581.22,-29.60,-55.52,,
16878,-1581.26,-7.68,-89.47,,
16899,-1578.34,15.63,-112.13,,
16918,-1569.48,22.06,-116.72,,
16939,-1552.76,9.88,-100.32,,
16958,-1535.92,-15.12,-59.57,,
16979,-1526.26,-48.59,10.06,,
16998,-1519.47,-71.03,97.01,,
17019,-1514.22,-87.28,198.41,,
17038,-1515.86,-120.34,313.80,,
17059,-1530.20,-186.98,441.46,,
17078,-1555.98,-286.64,572.11,,
17099,-1591.29,-399.06,699.33,,
17118,-1608.11,-502.07,816.56,,
17138,-1614.81,-554.64,915.04,,
17158,-1615.39,-544.98,985.60,,
17178,-1599.24,-501.52,1031.38,,
17198,-1571.93,-441.43,1049.34,,
17218,-1534.22,-378.55,1058.51,,
17239,-1485.31,-337.37,1068.96,,
17258,-1433.82,-316.55,1080.25,,
17279,-1385.56,-299.18,1099.47,,
17298,-1351.32,-275.75,1115.85,,
17319,-1332.95,-244.76,1117.93,,
17338,-1309.77,-188.87,1091.58,,
17359,-1284.70,-108.62,1042.73,,
17378,-1288.24,-51.06,998.53,,
17399,-1314.33,-3.76,933.97,,
17418,-1344.52,50.73,835.88,,
17438,-1370.06,139.36,730.46,,
17459,-1429.58,173.30,670.18,,
17478,-1531.64,141.85,611.35,,
17498,-1629.97,154.73,447.97,,
17518,-1675.21,257.73,154.99,,
17538,-1705.64,365.55,-147.16,,
17559,-1743.78,421.05,-365.49,,
17578,-1789.09,453.81,-499.03,,
17598,-1837.29,494.33,-580.71,,
17618,-1882.97,513.95,-633.64,,
17638,-1915.13,488.62,-670.07,,
17658,-1916.19,429.26,-709.66,,
17678,-1873.79,355.15,-763.02,,
17698,-1790.80,287.05,-827.14,,
17718,-1695.56,189.46,-878.94,,
17738,-1602.37,84.00,-913.02,,
17758,-1508.99,-3.56,-938.98,,
17778,-1410.79,-60.73,-952.16,,
17798,-1311.67,-106.54,-951.54,,
17818,-1221.96,-157.11,-927.17,,
17838,-1140.96,-193.67,-876.40,,
17858,-1074.20,-201.56,-793.83,,
17878,-1024.56,-200.65,-667.19,,
17898,-995.62,-200.31,-499.63,,
17918,-984.00,-201.82,-301.48,,
17938,-983.42,-196.67,-89.49,,
17958,-994.31,-194.57,115.86,,
17978,-1019.03,-204.18,308.63,,
17998,-1049.67,-213.85,477.72,,
18018,-1075.53,-213.38,625.81,,
18038,-1089.00,-205.85,746.19,,
18058,-1088.62,-203.05,834.94,,
18078,-1069.01,-209.20,876.56,,
18098,-1038.13,-228.80,871.33,,
18118,-1000.31,-256.54,819.81,,
18138,-959.51,-293.31,729.89,,
18158,-917.40,-342.44,614.30,,
18178,-872.81,-379.42,490.89,,
18198,-832.07,-385.39,370.92,,
18218,-802.80,-376.24,260.96,,
18238,-789.46,-357.79,167.59,,
18258,-790.80,-342.90,95.95,,
18278,-803.70,-325.34,45.89,,
18298,-825.53,-295.99,14.25,,
18318,-853.48,-250.20,8.02,,
18338,-888.31,-179.64,35.82,,
18358,-926.15,-79.27,99.40,,
18378,-957.98,59.31,182.44,,
18398,-981.83,237.62,283.21,,
18418,-1003.92,451.16,393.55,,
18438,-1024.06,694.94,502.63,,
18458,-1051.12,850.97,483.19,,
18478,-1063.24,1000.11,435.33,,
18498,-1076.53,1147.13,428.38,,
18518,-1088.54,1273.75,443.27,,
18538,-1084.33,1348.55,442.98,,
18558,-1052.34,1357.28,424.66,,
18578,-986.92,1297.66,402.88,,
18598,-907.75,1195.02,380.99,,
18618,-835.98,1089.48,352.50,,
18638,-793.88,961.19,298.45,,
18658,-776.54,825.65,253.84,,
18678,-774.41,677.85,247.76,,
18698,-775.24,521.27,273.85,,
18718,-767.78,385.30,299.37,,
18738,-754.16,298.15,294.14,,
18758,-740.24,241.24,271.41,,
18778,-749.28,167.37,263.56,,
18798,-794.58,78.88,311.69,,
18818,-845.91,-1.46,409.73,,
18838,-864.80,-68.43,524.20,,
18858,-842.58,-114.94,625.47,,
18878,-791.41,-151.39,697.43,,
18898,-740.09,-194.41,732.58,,
18918,-707.74,-239.34,728.47,,
18938,-702.92,-295.90,706.61,,
18958,-712.67,-360.38,689.41,,
18978,-731.27,-418.59,676.05,,
18998,-749.42,-453.63,663.81,,
19018,-759.79,-465.91,656.43,,
19038,-770.46,-480.11,657.49,,
19058,-794.10,-517.13,665.02,,
19078,-827.77,-562.76,684.27,,
19098,-873.31,-606.37,709.53,,
19118,-922.25,-648.17,731.31,,
19138,-974.57,-686.67,757.61,,
19158,-1026.74,-726.43,791.05,,
19178,-1082.15,-757.92,829.97,,
19198,-1143.09,-802.38,871.48,,
19218,-1211.08,-874.80,925.28,,
19238,-1285.48,-986.55,975.57,,
19258,-1370.52,-1125.09,1005.87,,
19278,-1461.22,-1281.35,1010.95,,
19298,-1548.73,-1458.66,990.46,,
19318,-1619.68,-1625.92,941.13,,
19338,-1667.26,-1768.66,859.73,,
19358,-1704.52,-1923.22,734.11,,
19378,-1735.15,-2065.87,634.25,,
19398,-1729.95,-2129.12,598.26,,
19418,-1657.98,-2043.83,589.04,,
19438,-1571.34,-1944.70,619.50,,
19458,-1498.92,-1781.32,663.10,,
19478,-1436.18,-1615.79,616.25,,
19498,-1401.03,-1477.00,516.73,,
19518,-1415.82,-1412.93,422.07,,
19538,-1433.51,-1387.28,254.27,,
19558,-1403.06,-1380.40,-64.02,,
19578,-1352.38,-1382.54,-421.03,,
19598,-1320.16,-1356.75,-661.32,,
19618,-1294.22,-1319.37,-729.99,,
19638,-1252.51,-1280.21,-676.10,,
19658,-1193.07,-1242.51,-561.63,,
19678,-1156.52,-1219.63,-412.34,,
19698,-1151.08,-1221.05,-241.59,,
19718,-1144.23,-1227.47,-116.76,,
19738,-1138.52,-1207.92,36.83,,
19758,-1136.58,-1172.69,259.64,,
19778,-1121.99,-1163.90,439.99,,
19798,-1095.59,-1118.19,601.58,,
19818,-1072.44,-1116.28,701.18,,
19838,-1050.04,-1076.30,761.73,,
19858,-1038.22,-1058.02,706.22,,
19878,-1042.13,-1033.28,671.53,,
19898,-1032.04,-978.43,613.93,,
19918,-1003.05,-949.50,478.60,,
19938,-985.40,-958.77,329.79,,
19958,-998.09,-1003.31,269.48,,
19978,-1034.44,-1071.63,366.50,,
19998,-1089.46,-1155.98,619.80,,
20018,-1153.75,-1236.45,1007.05,,
20038,-1232.52,-1310.85,1481.13,,
20058,-1298.62,-1370.64,1986.73,,
20078,-1345.97,-1389.48,2379.14,,
20098,-1345.96,-1340.71,2511.19,,
20118,-1340.47,-1301.87,2543.86,,
20138,-1326.95,-1282.12,2522.73,,
20158,-1299.44,-1245.45,2409.97,,
20178,-1277.89,-1223.30,2301.59,,
20198,-1253.76,-1177.41,2117.13,,
20218,-1240.93,-1164.33,1949.52,,
20238,-1219.24,-1137.46,1786.88,,
20258,-1207.06,-1130.74,1673.41,,
20278,-1185.37,-1103.12,1535.12,,
20298,-1155.29,-1062.58,1385.74,,
20318,-1120.86,-1033.45,1255.70,,
20338,-1089.88,-1023.02,1138.65,,
20358,-1048.02,-1018.34,1026.20,,
20378,-1023.03,-994.54,924.16,,
20398,-998.24,-996.44,897.52,,
20418,-981.73,-1000.99,844.21,,
20438,-970.25,-984.41,802.90,,
20458,-978.07,-982.32,851.82,,
20478,-995.60,-950.51,786.43,,
20498,-1021.44,-953.44,707.93,,
20518,-1036.54,-930.07,652.81,,
20538,-1007.74,-925.27,537.14,,
20558,-979.48,-939.13,487.07,,
20578,-933.41,-920.04,450.36,,
20598,-880.04,-876.01,426.15,,
20618,-813.37,-807.29,359.99,,
20638,-730.94,-754.82,218.72,,
20658,-639.97,-718.49,109.72,,
20678,-560.76,-656.79,100.17,,
20698,-551.82,-561.34,202.26,,
20718,-567.29,-468.32,326.76,,
20738,-591.83,-423.55,348.53,,
20758,-593.55,-419.77,289.51,,
20778,-615.90,-385.54,267.64,,
20798,-641.43,-365.23,255.60,,
20818,-652.34,-363.76,248.54,,
20838,-675.44,-379.70,311.19,,
20858,-708.31,-374.88,332.41,,
20878,-743.64,-358.91,370.16,,
20898,-805.22,-356.78,500.04,,
20918,-845.86,-314.49,677.57,,
20938,-858.87,-283.21,861.42,,
20958,-865.04,-247.78,1075.12,,
20978,-868.53,-186.14,1253.69,,
20998,-865.60,-118.66,1373.96,,
21018,-841.07,-37.37,1485.14,,
21038,-795.51,42.35,1585.01,,
21058,-688.59,101.23,1633.48,,
21078,-530.81,292.82,1633.38,,
21098,-360.25,809.57,1521.93,,
21118,-183.17,1614.85,1242.52,,
21138,-35.82,2431.61,822.54,,
21158,88.09,3133.08,409.04,,
21178,182.34,3685.34,44.13,,
21198,227.49,3966.00,-230.25,,
21218,226.32,3987.14,-388.64,,
21238,190.63,3779.51,-435.82,,
21258,132.19,3448.54,-418.20,,
21278,66.45,3131.51,-398.79,,
21298,8.33,2888.44,-399.05,,
21318,-27.82,2714.13,-415.31,,
21338,-48.99,2582.64,-446.89,,
21358,-69.50,2476.01,-484.82,,
21378,-110.73,2428.40,-567.45,,
21398,-191.74,2387.17,-689.36,,
21418,-300.46,2282.89,-781.68,,
21438,-417.52,2074.72,-793.84,,
21458,-527.67,1817.29,-742.15,,
21478,-631.87,1600.52,-699.75,,
21498,-706.91,1468.24,-672.59,,
21518,-723.68,1403.28,-628.08,,
21538,-710.62,1338.78,-515.54,,
21558,-730.90,1253.40,-326.43,,
21578,-790.03,1131.30,-86.68,,
21598,-837.72,925.94,92.83,,
21618,-863.96,684.40,207.14,,
21638,-904.12,491.66,326.78,,
21658,-943.08,362.84,456.02,,
21678,-957.24,283.90,581.03,,
21698,-955.56,195.06,677.77,,
21718,-966.59,79.75,748.99,,
21738,-1017.87,-34.61,814.38,,
21758,-1073.26,-142.12,900.41,,
21778,-1089.15,-265.12,1018.07,,
21798,-1079.19,-386.61,1132.15,,
21818,-1064.04,-447.92,1189.79,,
21838,-1055.43,-394.43,1153.72,,
21858,-1073.03,-293.35,1065.60,,
21878,-1110.74,-253.10,1018.75,,
21898,-1146.20,-316.77,1050.78,,
21918,-1158.55,-412.92,1094.12,,
21938,-1141.84,-443.42,1071.88,,
21958,-1119.93,-411.25,977.01,,
21978,-1117.54,-374.31,873.74,,
21998,-1138.36,-392.17,814.01,,
22018,-1172.85,-459.49,808.90,,
22038,-1202.38,-524.52,828.62,,
22058,-1212.32,-528.99,837.17,,
22078,-1214.45,-490.07,824.23,,
22098,-1225.97,-451.54,807.28,,
22118,-1248.71,-422.93,793.03,,
22138,-1261.31,-378.48,765.23,,
22158,-1247.62,-311.14,720.26,,
22178,-1220.27,-247.11,687.97,,
22198,-1200.94,-228.74,684.66,,
22218,-1192.04,-250.78,678.80,,
22238,-1195.91,-275.22,643.95,,
22258,-1203.68,-273.32,597.75,,
22278,-1201.53,-251.82,556.99,,
22298,-1183.95,-230.05,535.70,,
22318,-1152.93,-208.66,534.12,,
22338,-1105.11,-157.01,529.98,,
22358,-1055.76,-92.98,511.69,,
22378,-1021.78,-58.85,489.89,,
22398,-1001.75,-49.79,475.15,,
22418,-986.09,-47.79,465.50,,
22438,-969.32,-47.13,463.01,,
22458,-951.26,-47.60,479.64,,
22478,-938.75,-61.83,512.28,,
22498,-931.73,-92.87,553.12,,
22518,-918.05,-103.52,586.87,,
22538,-899.15,-87.11,614.90,,
22558,-882.30,-55.41,642.26,,
22578,-870.80,-29.46,652.35,,
22598,-865.16,-0.82,653.37,,
22618,-864.80,27.04,654.13,,
22638,-881.32,14.51,652.29,,
22658,-911.42,-23.71,639.87,,
22678,-936.03,-47.96,622.66,,
22698,-946.05,-41.04,599.50,,
22718,-944.82,-25.79,566.06,,
22738,-945.63,-5.15,542.46,,
22758,-951.33,23.41,512.79,,
22778,-964.75,44.21,475.04,,
22798,-979.55,50.26,440.77,,
22818,-995.35,49.27,421.45,,
22838,-1007.63,54.31,419.33,,
22858,-1019.00,43.58,422.87,,
22878,-1026.37,33.97,426.46,,
22898,-1022.84,45.04,426.66,,
22918,-1016.20,58.59,420.61,,
22938,-1008.75,72.84,411.92,,
22958,-1002.61,90.59,416.35,,
22978,-999.41,97.59,429.80,,
22998,-995.71,84.31,438.48,,
23018,-991.95,66.60,442.70,,
23038,-988.63,51.98,453.47,,
23058,-988.28,30.00,450.00,,
23078,-992.84,15.52,439.64,,
23098,-1000.70,8.05,435.98,,
23118,-1010.08,15.22,444.49,,
23138,-1020.47,11.68,464.80,,
23158,-1029.01,-13.75,484.42,,
23178,-1033.58,-46.74,494.91,,
23198,-1031.98,-72.08,497.68,,
23218,-1026.85,-89.08,505.77,,
23238,-1015.31,-105.60,519.55,,
23258,-1003.54,-123.73,535.78,,
23278,-991.66,-147.90,560.53,,
23298,-984.77,-190.12,588.39,,
23318,-984.06,-244.06,621.21,,
23338,-992.57,-300.54,662.42,,
23358,-1011.34,-348.58,711.47,,
23378,-1041.71,-396.81,754.98,,
23398,-1088.32,-457.36,788.17,,
23418,-1146.44,-533.89,801.97,,
23438,-1205.12,-625.10,794.80,,
23458,-1253.23,-718.87,781.69,,
23478,-1288.70,-818.86,773.02,,
23498,-1316.41,-931.44,776.66,,
23518,-1344.84,-1069.23,789.52,,
23538,-1376.49,-1235.79,807.40,,
23558,-1413.88,-1424.02,818.85,,
23578,-1452.95,-1618.92,807.48,,
23598,-1485.70,-1808.58,754.05,,
23618,-1518.32,-1995.88,653.89,,
23638,-1572.45,-2201.96,528.82,,
23658,-1652.28,-2416.62,392.03,,
23678,-1740.14,-2603.36,204.08,,
23698,-1836.32,-2758.74,-51.73,,
23718,-1929.78,-2944.39,-194.72,,
23738,-1963.61,-3102.00,-224.78,,
23758,-1893.79,-3056.28,-230.66,,
23778,-1813.17,-2994.21,-233.16,,
23798,-1740.00,-2851.99,-270.49,,
23818,-1707.77,-2679.31,-286.46,,
23838,-1702.90,-2465.43,-229.65,,
23858,-1671.83,-2205.71,-133.17,,
23878,-1603.25,-1961.84,-36.35,,
23898,-1525.50,-1766.20,51.61,,
23918,-1460.46,-1641.76,103.34,,
23938,-1417.20,-1564.15,178.46,,
23958,-1391.17,-1493.47,312.44,,
23978,-1386.05,-1427.21,486.53,,
23998,-1401.20,-1351.67,675.60,,
24018,-1432.87,-1269.21,824.44,,
24038,-1489.19,-1214.00,882.10,,
24058,-1552.87,-1208.92,813.10,,
24078,-1584.20,-1219.88,642.00,,
24098,-1543.90,-1178.12,497.82,,
24118,-1491.41,-1116.21,401.87,,
24138,-1458.40,-1074.65,291.80,,
24158,-1405.16,-1016.84,194.18,,
24178,-1371.56,-972.67,183.98,,
24198,-1306.23,-934.21,173.72,,
24218,-1268.73,-856.91,149.54,,
24238,-1229.62,-803.19,76.04,,
24258,-1190.98,-762.41,40.24,,
24278,-1099.34,-723.61,57.04,,
24298,-995.95,-716.66,92.36,,
24318,-919.34,-689.54,203.41,,
24338,-884.41,-636.17,289.38,,
24358,-885.35,-599.19,341.20,,
24378,-917.51,-554.81,419.53,,
24398,-981.91,-474.73,506.04,,
24418,-1034.71,-392.67,600.68,,
24438,-1072.78,-310.63,693.11,,
24458,-1123.87,-247.81,778.44,,
24478,-1145.09,-200.40,872.00,,
24498,-1111.61,-138.53,951.23,,
24518,-1048.92,-99.92,1004.00,,
24538,-985.27,-55.27,1066.74,,
24558,-923.71,-17.93,1108.14,,
24578,-865.33,12.68,1132.54,,
24598,-821.98,50.92,1151.56,,
24618,-789.93,104.12,1159.26,,
24638,-754.50,155.34,1173.77,,
24658,-682.38,229.36,1204.52,,
24678,-557.71,388.59,1228.00,,
24698,-467.25,735.55,1225.56,,
24718,-412.76,1431.65,1209.94,,
24738,-359.80,2267.86,1102.42,,
24758,-309.70,3020.82,894.67,,
24778,-256.32,3579.35,654.83,,
24798,-204.19,3918.80,446.55,,
24818,-151.09,4064.85,311.95,,
24838,-99.87,4014.56,258.00,,
24858,-76.15,3764.94,265.13,,
24878,-108.59,3404.58,320.08,,
24898,-187.70,3024.77,398.11,,
24918,-288.76,2678.25,459.17,,
24938,-386.23,2399.62,469.51,,
24958,-465.33,2202.47,425.57,,
24978,-521.98,2074.52,349.77,,
24998,-557.84,1997.78,271.92,,
25018,-576.42,1965.42,179.76,,
25038,-577.09,1956.69,70.60,,
25058,-560.19,1944.84,-33.29,,
25078,-534.67,1927.28,-126.23,,
25098,-510.60,1911.87,-221.90,,
25118,-492.41,1920.38,-333.96,,
25138,-482.72,1956.87,-461.23,,
25158,-483.97,1995.17,-574.73,,
25178,-488.36,2028.58,-648.40,,
25198,-508.90,2057.94,-660.72,,
25218,-553.46,2055.07,-627.33,,
25238,-605.52,2011.04,-541.54,,
25258,-645.83,1966.91,-402.40,,
25278,-676.93,1909.13,-309.53,,
25298,-705.85,1803.34,-273.29,,
25318,-743.54,1618.17,-264.38,,
25338,-770.58,1398.03,-245.60,,
25358,-759.18,1174.81,-166.26,,
25378,-741.55,957.77,-5.81,,
25398,-765.01,720.03,205.20,,
25418,-838.67,445.13,393.33,,
25438,-918.73,200.93,528.86,,
25458,-936.34,57.44,649.53,,
25478,-893.19,10.83,783.55,,
25498,-867.95,-41.19,939.44,,
25518,-889.36,-154.63,1079.81,,
25538,-918.48,-252.49,1162.93,,
25558,-937.19,-284.69,1192.44,,
25578,-965.45,-285.64,1211.72,,
25595,-995.19,-292.05,1236.48,,
25618,-1036.96,-333.33,1262.67,,
25638,-1073.53,-371.43,1273.03,,
25658,-1107.02,-383.36,1256.54,,
25678,-1128.15,-361.73,1218.81,,
25698,-1135.02,-324.01,1206.66,,
25718,-1135.20,-315.57,1223.99,,
25738,-1128.61,-317.85,1240.08,,
25758,-1110.13,-280.51,1211.07,,
25778,-1080.30,-202.63,1136.23,,
25798,-1054.97,-143.77,1049.92,,
25818,-1043.25,-138.30,1000.50,,
25838,-1039.15,-150.25,971.35,,
25858,-1042.06,-130.16,917.22,,
25878,-1048.71,-101.39,821.69,,
25898,-1057.99,-106.63,721.54,,
25918,-1071.31,-156.95,655.60,,
25938,-1086.15,-224.55,629.51,,
25958,-1100.36,-284.93,656.90,,
25978,-1105.97,-293.63,663.67,,
25998,-1099.29,-258.36,635.70,,
26018,-1083.90,-200.73,589.85,,
26038,-1067.23,-143.64,553.40,,
26058,-1053.88,-93.88,541.16,,
26078,-1046.38,-53.30,552.88,,
26098,-1044.70,-33.02,561.45,,
26118,-1042.97,-11.13,556.95,,
26138,-1041.80,13.73,558.86,,
26157,-1050.54,33.45,566.46,,
26178,-1064.00,47.54,586.74,,
26198,-1080.05,58.44,618.43,,
26218,-1088.52,72.13,638.86,,
26239,-1090.30,106.19,646.47,,
26259,-1084.10,171.86,617.26,,
26279,-1078.99,226.41,585.81,,
26299,-1082.19,239.38,576.72,,
26319,-1095.58,205.69,583.40,,
26339,-1117.47,158.54,595.28,,
26359,-1135.07,116.53,586.42,,
26379,-1140.62,94.33,571.29,,
26399,-1133.71,82.46,559.21,,
26419,-1122.57,78.47,549.82,,
26439,-1113.34,90.02,548.80,,
26459,-1104.99,110.99,536.75,,
26479,-1098.06,138.19,523.75,,
26499,-1096.96,148.17,508.35,,
26519,-1105.08,122.79,503.82,,
26539,-1123.66,77.44,519.75,,
26559,-1143.12,34.21,528.24,,
26579,-1154.72,23.26,523.77,,
26599,-1156.65,50.53,505.04,,
26619,-1153.78,91.80,477.87,,
26639,-1151.29,129.75,469.23,,
26659,-1155.18,144.21,470.29,,
26679,-1161.39,140.85,475.68,,
26699,-1167.56,134.05,475.99,,
26719,-1172.32,124.06,460.73,,
26739,-1173.26,112.06,453.37,,
26759,-1171.75,110.52,446.78,,
26779,-1163.07,120.67,423.59,,
26799,-1154.89,132.24,399.77,,
26819,-1154.28,136.83,391.29,,
26839,-1165.06,107.36,398.71,,
26859,-1178.92,55.56,403.46,,
26879,-1188.56,10.62,400.76,,
26899,-1189.87,-9.17,397.72,,
26919,-1187.81,-11.81,416.47,,
26939,-1186.11,-10.33,458.59,,
26959,-1183.86,-5.43,522.30,,
26979,-1179.18,-3.08,600.76,,
26999,-1174.82,-12.85,680.14,,
27019,-1175.10,-39.71,750.82,,
27039,-1180.08,-69.46,803.01,,
27059,-1178.30,-84.74,831.06,,
27079,-1163.38,-103.22,850.14,,
27099,-1150.55,-158.81,863.61,,
27119,-1150.42,-252.31,866.29,,
27139,-1160.44,-362.65,860.88,,
27159,-1181.55,-499.11,857.64,,
27179,-1214.72,-664.52,857.57,,
27199,-1251.64,-849.45,853.37,,
27219,-1288.12,-1047.73,837.05,,
27239,-1323.98,-1244.47,817.19,,
27259,-1366.90,-1445.98,795.56,,
27279,-1419.97,-1645.20,758.77,,
27299,-1475.55,-1828.13,694.72,,
27319,-1530.26,-1986.79,613.75,,
27339,-1578.28,-2122.32,528.55,,
27359,-1628.04,-2275.21,455.08,,
27379,-1697.39,-2485.47,405.45,,
27399,-1783.20,-2722.15,315.99,,
27419,-1844.67,-2922.08,242.64,,
27439,-1786.04,-3063.44,306.43,,
27459,-1674.80,-3017.84,420.15,,
27479,-1598.95,-2802.10,510.28,,
27499,-1569.60,-2518.24,541.39,,
27519,-1551.62,-2224.11,454.30,,
27539,-1527.87,-1966.78,301.96,,
27559,-1473.42,-1755.09,165.02,,
27579,-1396.26,-1549.85,89.91,,
27599,-1347.71,-1328.66,99.19,,
27619,-1327.02,-1111.92,143.48,,
27639,-1306.45,-942.94,148.93,,
27659,-1251.66,-836.23,131.73,,
27679,-1180.30,-758.68,175.29,,
27699,-1152.60,-684.78,346.39,,
27719,-1158.11,-637.64,461.20,,
27739,-1185.81,-575.80,550.82,,
27759,-1196.65,-539.28,538.59,,
27779,-1173.83,-506.77,496.71,,
27799,-1123.27,-481.49,462.72,,
27819,-1086.93,-468.76,416.98,,
27839,-1084.57,-450.49,403.86,,
27859,-1067.86,-450.00,380.35,,
27879,-1005.76,-456.22,332.99,,
27899,-924.36,-467.19,272.73,,
27919,-857.33,-485.61,229.76,,
27939,-798.65,-498.83,201.75,,
27959,-764.59,-505.35,154.97,,
27979,-752.28,-496.18,154.02,,
27999,-749.42,-472.82,211.83,,
28019,-767.16,-437.69,299.97,,
28039,-782.13,-389.27,391.10,,
28059,-818.35,-335.79,416.03,,
28079,-873.54,-287.35,370.61,,
28099,-930.98,-212.93,321.44,,
28119,-983.44,-168.01,323.19,,
28139,-1017.18,-151.42,416.08,,
28159,-1016.50,-135.36,539.53,,
28179,-995.93,-147.26,674.02,,
28199,-962.76,-132.99,803.66,,
28219,-926.09,-107.42,901.46,,
28239,-873.39,-86.99,996.30,,
28259,-805.54,-76.64,1104.01,,
28279,-741.26,-80.82,1191.93,,
28299,-669.35,-61.76,1251.46,,
28319,-606.91,29.80,1285.18,,
28339,-577.74,305.14,1295.61,,
28359,-490.24,915.86,1283.32,,
28379,-294.35,1770.54,1147.06,,
28399,-89.30,2629.47,866.80,,
28419,75.31,3385.18,525.11,,
28439,188.25,3984.14,205.86,,
28459,248.00,4351.14,-28.61,,
28479,253.03,4465.11,-152.03,,
28499,203.40,4295.36,-169.03,,
28519,100.02,3883.11,-120.90,,
28539,-15.50,3447.99,-53.42,,
28559,-126.44,3077.70,7.82,,
28579,-229.90,2764.72,59.07,,
28599,-317.85,2500.34,93.71,,
28619,-380.18,2296.06,101.73,,
28639,-412.09,2183.05,60.00,,
28659,-422.13,2140.64,-31.75,,
28679,-424.85,2117.35,-123.59,,
28699,-432.18,2064.31,-173.47,,
28719,-441.49,1988.36,-200.07,,
28739,-451.11,1918.29,-240.98,,
28759,-466.15,1864.67,-298.46,,
28779,-489.89,1840.68,-364.75,,
28799,-519.95,1842.11,-435.29,,
28819,-556.49,1857.95,-494.59,,
28839,-587.00,1863.76,-523.25,,
28859,-608.39,1824.78,-496.74,,
28879,-661.66,1741.53,-412.96,,
28899,-765.54,1655.28,-258.76,,
28919,-860.65,1510.99,-108.05,,
28939,-922.20,1304.44,-43.19,,
28959,-962.64,1107.40,-68.65,,
28978,-976.80,985.98,-97.00,,
28999,-982.54,885.12,-76.31,,
29019,-1021.15,723.27,14.41,,
29039,-1096.11,470.72,158.89,,
29059,-1158.00,191.35,326.49,,
29078,-1174.61,-23.09,477.02,,
29099,-1158.17,-123.84,598.04,,
29119,-1136.42,-156.89,701.71,,
29138,-1098.71,-186.54,804.36,,
29159,-1026.97,-225.66,903.78,,
29179,-948.48,-263.66,989.48,,
29198,-897.44,-296.62,1052.51,,
29219,-880.26,-323.62,1083.81,,
29239,-881.85,-344.46,1092.90,,
29258,-882.64,-378.20,1092.43,,
29278,-875.90,-409.00,1082.72,,
29299,-862.45,-413.91,1057.81,,
29319,-855.64,-390.29,1023.18,,
29338,-875.88,-382.49,1015.46,,
29359,-917.76,-421.00,1041.66,,
29379,-964.11,-477.63,1072.94,,
29399,-999.36,-487.17,1077.95,,
29419,-1023.97,-412.82,1038.98,,
29438,-1050.76,-318.42,977.66,,
29459,-1080.51,-256.00,915.32,,
29479,-1104.84,-241.44,863.71,,
29498,-1117.47,-254.74,823.47,,
29518,-1119.01,-261.34,788.19,,
29539,-1112.77,-251.06,745.78,,
29559,-1102.90,-239.39,704.04,,
29578,-1094.38,-250.88,682.69,,
29599,-1090.73,-281.84,680.07,,
29619,-1086.74,-297.99,677.10,,
29638,-1076.04,-275.00,663.17,,
29658,-1061.26,-220.43,652.87,,
29679,-1046.58,-160.05,646.08,,
29699,-1028.64,-106.95,643.87,,
29718,-1004.66,-65.19,644.78,,
29738,-979.02,-40.88,639.09,,
29759,-958.81,-46.09,629.01,,
29779,-951.14,-71.98,619.09,,
29798,-951.10,-102.21,618.45,,
29818,-949.35,-115.72,622.97,,
29839,-947.37,-109.35,623.35,,
29859,-949.20,-98.26,615.67,,
29878,-945.57,-71.45,604.00,,
29898,-927.72,-21.60,587.58,,
29919,-908.25,34.93,556.89,,
29938,-898.94,73.08,522.52,,
29958,-902.35,81.38,500.34,,
29978,-914.13,66.45,491.66,,
29999,-928.40,32.67,481.53,,
30019,-939.96,-1.00,474.68,,
30039,-950.32,-26.92,480.73,,
30058,-958.25,-39.03,482.83,,
30078,-957.50,-25.00,465.48,,
30099,-949.84,8.45,434.31,,
30118,-940.67,47.85,412.65,,
30138,-938.20,59.30,395.45,,
30158,-944.11,49.55,385.76,,
30179,-959.28,23.14,399.82,,
30198,-982.08,-14.24,429.16,,
30218,-1007.46,-52.37,446.85,,
30239,-1029.42,-61.52,452.79,,
30259,-1044.94,-35.59,455.73,,
30278,-1056.41,11.16,442.33,,
30298,-1063.73,69.14,412.69,,
30319,-1070.92,126.25,388.70,,
30338,-1082.19,162.11,389.93,,
30359,-1102.47,162.60,403.57,,
30378,-1128.66,149.26,434.02,,
30398,-1150.73,148.35,462.96,,
30418,-1157.33,176.71,474.50,,
30439,-1150.06,229.76,467.22,,
30458,-1139.51,270.11,443.66,,
30478,-1132.48,280.18,435.07,,
30498,-1132.50,264.56,444.28,,
30518,-1129.27,234.47,455.24,,
30538,-1121.77,204.71,469.85,,
30558,-1114.02,171.58,468.60,,
30578,-1105.38,135.51,451.49,,
30598,-1094.07,107.80,433.14,,
30618,-1081.71,98.13,424.99,,
30638,-1069.46,98.72,443.65,,
30658,-1063.99,84.11,493.29,,
30678,-1066.78,47.50,550.75,,
30698,-1076.04,6.78,595.20,,
30718,-1088.35,-20.01,620.59,,
30738,-1101.14,-36.29,646.63,,
30758,-1112.22,-56.50,686.56,,
30778,-1123.13,-98.03,728.99,,
30818,-1134.15,-214.91,798.45,,
30838,-1137.86,-281.38,816.81,,
30858,-1139.79,-344.92,818.70,,
30878,-1140.57,-408.18,812.10,,
30898,-1145.10,-493.04,813.91,,
30918,-1155.43,-607.46,824.13,,
30938,-1169.47,-749.39,836.89,,
30958,-1191.10,-913.44,847.62,,
30978,-1219.08,-1085.94,857.64,,
30998,-1244.25,-1254.49,866.81,,
31018,-1267.42,-1412.77,871.10,,
31038,-1297.28,-1569.75,870.81,,
31058,-1333.98,-1715.86,850.36,,
31078,-1371.47,-1857.85,807.04,,
31098,-1412.39,-2012.42,761.09,,
31118,-1453.17,-2174.24,706.84,,
31138,-1497.14,-2360.21,626.00,,
31158,-1574.01,-2579.55,497.97,,
31178,-1681.40,-2771.21,279.44,,
31198,-1778.65,-2989.01,174.01,,
31218,-1792.92,-3071.75,172.86,,
31238,-1774.59,-3033.86,197.88,,
31258,-1740.02,-2906.26,163.72,,
31278,-1682.14,-2719.17,21.29,,
31298,-1622.44,-2487.76,-158.43,,
31318,-1571.55,-2218.27,-273.92,,
31338,-1526.91,-1943.78,-309.46,,
31358,-1480.34,-1745.25,-329.21,,
31378,-1442.39,-1595.04,-302.65,,
31398,-1459.08,-1453.26,-218.07,,
31418,-1464.53,-1337.33,-198.76,,
31438,-1428.21,-1229.47,-191.57,,
31458,-1378.84,-1122.13,-169.27,,
31478,-1349.16,-1011.79,-97.83,,
31498,-1304.95,-944.20,-48.40,,
31518,-1268.28,-877.36,-50.18,,
31538,-1235.24,-820.81,-74.78,,
31558,-1184.96,-793.73,-57.05,,
31578,-1128.02,-759.27,10.77,,
31598,-1076.96,-722.23,89.36,,
31618,-1040.29,-685.12,127.88,,
31638,-1004.05,-647.34,112.44,,
31658,-947.35,-629.13,67.35,,
31678,-869.39,-622.28,9.93,,
31698,-779.52,-612.91,-39.39,,
31718,-700.94,-607.42,-50.89,,
31738,-639.37,-593.83,-24.99,,
31758,-630.99,-579.38,17.06,,
31778,-649.05,-535.83,117.48,,
31798,-704.42,-472.36,221.34,,
31818,-815.24,-399.04,322.71,,
31838,-926.34,-319.36,420.25,,
31858,-1033.28,-246.83,550.50,,
31878,-1123.45,-184.61,701.08,,
31898,-1178.15,-129.11,822.74,,
31918,-1190.44,-71.99,902.65,,
31938,-1180.67,-24.61,970.47,,
31958,-1150.43,19.25,1048.03,,
31978,-1108.69,75.39,1146.22,,
31998,-1050.41,103.68,1211.95,,
32018,-971.11,110.57,1231.27,,
32038,-863.78,144.25,1259.90,,
32058,-757.41,278.49,1310.43,,
32078,-695.89,574.28,1284.05,,
32098,-577.75,1179.21,1216.25,,
32118,-339.55,2049.77,1032.20,,
32138,-87.99,2944.27,697.20,,
32158,111.43,3645.65,310.26,,
32178,243.09,4058.32,-7.18,,
32198,314.90,4175.83,-202.55,,
32218,323.72,4027.72,-276.41,,
32238,259.00,3663.30,-262.08,,
32258,139.90,3195.10,-202.83,,
32278,-9.87,2757.14,-121.71,,
32298,-169.96,2400.37,-31.46,,
32318,-324.01,2118.38,51.54,,
32338,-449.33,1916.89,102.66,,
32358,-535.45,1792.99,99.74,,
32378,-579.39,1770.66,2.40,,
32398,-587.16,1823.82,-147.62,,
32418,-567.91,1884.48,-271.59,,
32438,-533.29,1882.79,-327.28,,
32458,-489.05,1819.86,-333.77,,
32478,-468.87,1760.60,-347.09,,
32498,-495.73,1759.46,-402.95,,
32518,-541.76,1813.62,-489.55,,
32538,-587.33,1888.43,-585.40,,
32558,-617.95,1945.84,-656.78,,
32578,-632.89,1945.89,-669.73,,
32598,-669.26,1835.76,-574.70,,
32618,-733.84,1598.59,-433.95,,
32638,-804.11,1360.39,-309.15,,
32658,-858.33,1212.48,-201.70,,
32678,-905.60,1121.79,-118.05,,
32698,-954.82,1050.36,-48.59,,
32718,-994.04,978.98,15.54,,
32738,-1019.01,889.97,112.39,,
32758,-1062.60,737.29,259.24,,
32778,-1141.50,509.01,411.96,,
32798,-1211.50,267.42,529.82,,
32818,-1227.16,77.37,619.95,,
32838,-1203.08,-63.00,707.24,,
32858,-1169.80,-173.55,805.74,,
32878,-1141.93,-257.36,877.53,,
32898,-1101.41,-291.25,908.08,,
32918,-1042.57,-292.60,913.63,,
32938,-997.90,-329.74,941.51,,
32958,-984.96,-383.57,974.76,,
32978,-991.82,-389.60,966.49,,
32998,-996.89,-322.11,918.15,,
33018,-991.69,-226.13,861.23,,
33038,-980.51,-145.28,839.09,,
33058,-978.31,-127.75,864.73,,
33078,-997.45,-179.50,936.11,,
33098,-1029.47,-257.90,1009.60,,
33118,-1054.12,-289.87,1051.26,,
33138,-1057.15,-231.36,1048.00,,
33158,-1040.96,-132.47,1030.36,,
33178,-1025.78,-82.72,1031.73,,
33198,-1020.55,-95.33,1046.77,,
33218,-1024.35,-132.63,1050.94,,
33238,-1030.52,-158.34,1035.22,,
33258,-1026.36,-153.46,991.12,,
33278,-1015.04,-121.80,932.39,,
33298,-1010.21,-102.05,870.72,,
33318,-1022.23,-113.82,821.56,,
33338,-1051.72,-142.14,790.26,,
33358,-1083.63,-166.16,763.49,,
33378,-1101.92,-179.09,737.23,,
33398,-1103.12,-165.20,712.09,,
33418,-1092.63,-125.13,676.93,,
33438,-1073.00,-81.04,632.40,,
33458,-1056.25,-49.26,594.43,,
33478,-1050.26,-31.88,561.72,,
33498,-1049.08,-24.14,525.38,,
33518,-1050.09,-15.35,491.73,,
33538,-1053.60,-9.39,467.60,,
33558,-1058.42,-12.17,454.58,,
33578,-1064.01,-12.20,461.86,,
33598,-1064.33,-0.90,470.59,,
33618,-1055.27,35.03,483.63,,
33638,-1044.60,74.36,505.74,,
33658,-1036.27,102.85,533.99,,
33678,-1028.04,117.67,556.76,,
33698,-1019.30,122.84,565.32,,
33718,-1018.59,114.16,566.07,,
33738,-1025.68,87.32,556.99,,
33758,-1031.84,57.03,549.94,,
33778,-1031.71,36.32,533.00,,
33798,-1027.46,34.46,514.21,,
33818,-1025.70,41.14,484.06,,
33838,-1024.70,47.50,444.33,,
33858,-1027.98,45.97,415.33,,
33878,-1037.43,32.41,398.31,,
33898,-1049.61,7.05,383.30,,
33918,-1060.79,-13.37,376.82,,
33938,-1067.68,-16.42,373.42,,
33958,-1072.49,-8.69,356.40,,
33978,-1078.91,4.94,336.84,,
33998,-1080.73,23.26,327.81,,
34018,-1080.50,40.39,330.29,,
34038,-1080.25,42.08,332.70,,
34058,-1077.89,33.69,339.86,,
34078,-1069.51,27.89,355.23,,
34098,-1061.46,34.40,383.93,,
34118,-1056.66,36.10,409.91,,
34138,-1051.64,46.12,429.74,,
34158,-1047.73,57.82,458.52,,
34178,-1051.16,66.94,501.42,,
34198,-1066.43,50.49,541.30,,
34218,-1085.26,20.74,563.95,,
34238,-1100.01,-0.51,569.96,,
34258,-1112.22,-12.84,567.51,,
34278,-1129.70,-31.41,571.20,,
34298,-1153.01,-68.48,592.90,,
34318,-1182.43,-121.49,622.74,,
34338,-1215.19,-174.89,653.88,,
34358,-1245.66,-227.40,687.22,,
34378,-1266.92,-264.22,730.72,,
34398,-1278.58,-278.75,777.42,,
34418,-1287.51,-294.46,818.95,,
34438,-1295.49,-336.92,855.15,,
34458,-1300.87,-399.09,877.34,,
34478,-1306.06,-463.84,880.24,,
34498,-1307.81,-528.61,873.15,,
34518,-1310.34,-599.71,856.60,,
34538,-1324.22,-676.76,835.07,,
34558,-1350.77,-772.63,813.35,,
34578,-1387.84,-907.65,792.58,,
34598,-1430.36,-1083.18,773.34,,
34618,-1466.29,-1268.17,746.21,,
34638,-1491.18,-1442.06,701.17,,
34658,-1510.67,-1593.82,639.78,,
34678,-1528.37,-1719.67,567.16,,
34698,-1549.75,-1833.03,491.10,,
34718,-1573.07,-1944.73,425.71,,
34738,-1600.07,-2070.64,368.54,,
34758,-1640.72,-2229.39,319.92,,
34778,-1687.35,-2411.73,269.96,,
34798,-1732.66,-2594.25,195.19,,
34818,-1784.77,-2752.46,109.62,,
34838,-1825.61,-2928.73,177.92,,
34858,-1795.43,-2991.26,358.25,,
34878,-1736.87,-2931.55,484.58,,
34898,-1709.03,-2726.09,485.19,,
34918,-1722.05,-2458.42,397.04,,
34938,-1746.09,-2246.30,294.70,,
34958,-1737.32,-2097.25,235.45,,
34978,-1715.60,-1930.62,216.39,,
34998,-1743.52,-1737.33,231.31,,
35018,-1774.35,-1564.43,230.06,,
35038,-1766.82,-1398.26,261.28,,
35058,-1723.58,-1263.32,341.42,,
35078,-1614.32,-1132.56,415.72,,
35098,-1507.00,-1034.38,448.43,,
35118,-1411.79,-967.23,475.46,,
35138,-1324.89,-898.57,509.52,,
35158,-1275.34,-830.50,519.15,,
35178,-1223.09,-760.99,543.41,,
35198,-1158.62,-691.94,563.56,,
35218,-1124.01,-633.57,553.41,,
35238,-1087.22,-596.29,529.00,,
35258,-1071.12,-552.03,483.52,,
35278,-1070.48,-513.41,423.20,,
35298,-1045.77,-484.97,376.58,,
35318,-998.43,-453.66,337.73,,
35338,-949.14,-426.76,302.77,,
35358,-913.19,-391.45,265.10,,
35378,-885.25,-352.22,230.36,,
35398,-890.69,-321.49,255.78,,
35418,-914.08,-285.88,312.11,,
35438,-930.81,-256.87,353.60,,
35458,-914.69,-223.87,381.36,,
35478,-879.47,-202.27,407.26,,
35498,-868.09,-181.50,492.84,,
35518,-890.49,-141.58,637.14,,
35538,-921.66,-109.49,814.80,,
35558,-928.95,-53.37,999.77,,
35578,-931.93,10.75,1141.79,,
35598,-937.87,96.33,1247.64,,
35618,-929.52,180.54,1340.41,,
35638,-882.75,234.41,1463.05,,
35658,-759.49,334.26,1626.23,,
35678,-603.92,561.37,1693.46,,
35718,-338.94,1845.53,1225.14,,
35738,-217.07,2747.72,815.13,,
35758,-115.14,3576.98,409.46,,
35778,-46.76,4243.94,40.66,,
35798,-16.29,4674.57,-248.84,,
35818,-8.02,4810.88,-421.25,,
35838,-32.74,4637.10,-478.78,,
35858,-99.12,4212.10,-455.95,,
35878,-194.23,3693.46,-374.99,,
35898,-294.77,3235.39,-265.68,,
35918,-386.94,2866.80,-149.82,,
35938,-459.03,2572.99,-49.19,,
35958,-502.04,2367.20,-2.10,,
35978,-513.77,2275.09,-56.64,,
35998,-511.76,2238.10,-168.36,,
36018,-507.84,2176.96,-240.51,,
36038,-516.27,2100.58,-251.41,,
36058,-538.42,2060.86,-253.74,,
36078,-565.36,2068.88,-288.85,,
36098,-599.03,2112.88,-353.61,,
36118,-641.17,2144.74,-424.97,,
36138,-682.44,2140.57,-478.38,,
36158,-745.93,2111.39,-499.80,,
36178,-844.36,2082.40,-490.02,,
36198,-945.23,2067.02,-448.95,,
36218,-1006.32,2031.75,-359.08,,
36238,-1046.42,1931.37,-237.73,,
36258,-1111.66,1781.85,-113.03,,
36278,-1198.27,1654.33,-32.78,,
36298,-1283.96,1558.41,-8.48,,
36318,-1342.93,1459.99,15.12,,
36338,-1370.70,1335.00,84.03,,
36358,-1392.72,1172.39,195.89,,
36378,-1422.17,977.74,325.27,,
36398,-1451.43,751.08,453.06,,
36418,-1432.83,577.67,561.73,,
36438,-1364.06,518.30,654.38,,
36458,-1297.44,511.77,753.39,,
36478,-1253.36,464.67,874.56,,
36498,-1218.17,375.17,992.60,,
36518,-1173.07,307.85,1066.05,,
36538,-1103.84,284.10,1086.62,,
36558,-1034.62,253.65,1086.82,,
36578,-992.71,196.46,1078.36,,
36598,-974.75,143.44,1054.25,,
36618,-967.20,88.97,1025.31,,
36638,-964.20,2.97,1014.64,,
36658,-957.69,-112.80,1031.30,,
36678,-936.45,-216.84,1056.68,,
36698,-902.61,-268.05,1067.15,,
36718,-863.91,-234.74,1038.03,,
36738,-828.35,-137.11,969.24,,
36758,-798.25,-23.98,886.07,,
36778,-779.34,50.22,820.61,,
36798,-767.96,85.26,771.02,,
36818,-753.07,124.05,714.43,,
36838,-738.97,151.33,650.19,,
36858,-735.10,147.14,578.79,,
36878,-748.26,95.06,532.89,,
36898,-781.54,-8.76,534.23,,
36918,-826.72,-136.19,566.75,,
36938,-860.88,-221.05,597.39,,
36958,-871.49,-222.55,592.04,,
36978,-863.44,-155.90,555.44,,
36998,-851.52,-70.24,520.99,,
37017,-851.93,-30.19,504.39,,
37038,-873.85,-44.93,516.88,,
37058,-908.44,-79.85,537.95,,
37078,-945.76,-111.95,554.42,,
37098,-986.27,-134.36,588.14,,
37118,-1030.24,-156.82,641.53,,
37138,-1073.42,-166.28,703.49,,
37158,-1109.06,-151.96,744.36,,
37178,-1123.02,-74.24,745.21,,
37198,-1110.54,53.01,708.24,,
37218,-1086.01,175.30,666.39,,
37238,-1068.71,237.00,639.28,,
37258,-1068.20,223.69,644.32,,
37278,-1082.24,169.36,670.06,,
37298,-1101.71,113.22,707.47,,
37318,-1110.63,84.25,731.81,,
37338,-1102.82,110.63,723.36,,
37358,-1083.39,177.77,686.92,,
37378,-1059.33,254.27,629.61,,
37398,-1035.30,314.79,575.55,,
37418,-1020.25,329.82,536.02,,
37438,-1016.97,295.85,544.36,,
37458,-1020.94,224.16,582.03,,
37478,-1023.58,151.52,617.15,,
37498,-1015.82,117.25,620.70,,
37518,-996.28,124.57,580.73,,
37538,-975.61,148.89,531.58,,
37558,-960.26,161.97,503.13,,
37578,-951.82,144.37,505.72,,
37598,-952.98,89.58,525.73,,
37618,-955.47,17.83,535.20,,
37638,-949.35,-38.44,525.40,,
37658,-927.93,-53.57,503.63,,
37678,-899.24,-26.12,472.64,,
37698,-879.29,31.97,443.77,,
37718,-871.61,85.74,434.87,,
37738,-871.65,112.72,450.35,,
37758,-876.41,112.24,487.00,,
37778,-885.09,91.57,537.47,,
37798,-898.33,70.19,585.39,,
37818,-912.34,58.31,617.99,,
37838,-928.00,41.12,631.85,,
37858,-947.69,6.41,641.11,,
37878,-981.56,-66.52,647.96,,
37898,-1031.38,-171.17,654.04,,
37918,-1089.62,-290.45,653.57,,
37938,-1146.06,-420.40,651.72,,
37958,-1198.70,-573.99,652.69,,
37978,-1250.71,-758.32,667.52,,
37998,-1300.77,-960.49,689.38,,
38018,-1344.35,-1167.31,719.60,,
38038,-1375.08,-1361.18,746.70,,
38058,-1392.38,-1537.26,758.51,,
38078,-1416.36,-1701.90,752.35,,
38098,-1448.02,-1866.85,735.66,,
38118,-1493.19,-2053.77,702.23,,
38138,-1551.83,-2247.70,634.89,,
38158,-1617.75,-2419.79,540.85,,
38178,-1685.52,-2566.73,425.53,,
38198,-1760.34,-2725.54,284.52,,
38218,-1828.09,-2908.76,113.15,,
38238,-1829.12,-3105.85,46.99,,
38258,-1670.51,-3243.69,121.48,,
38278,-1453.02,-3249.58,186.57,,
38298,-1302.38,-3093.07,217.82,,
38318,-1313.69,-2825.66,284.32,,
38338,-1371.53,-2557.72,313.02,,
38358,-1387.51,-2305.54,282.03,,
38378,-1400.77,-2121.67,224.74,,
38398,-1426.00,-1971.61,151.67,,
38418,-1550.72,-1792.32,75.55,,
38438,-1716.18,-1583.89,8.07,,
38458,-1847.56,-1389.77,-38.28,,
38478,-1884.68,-1229.63,-30.90,,
38498,-1818.89,-1118.71,64.34,,
38518,-1700.49,-1068.79,211.14,,
38538,-1512.49,-1055.47,381.55,,
38558,-1313.59,-1070.97,554.54,,
38578,-1143.76,-1080.23,703.33,,
38598,-1057.47,-1055.36,818.02,,
38618,-1048.52,-999.05,854.26,,
38638,-1101.81,-906.89,843.69,,
38658,-1197.48,-821.36,788.40,,
38678,-1316.90,-745.00,690.54,,
38698,-1426.80,-666.16,518.94,,
38718,-1474.40,-593.56,296.29,,
38738,-1475.99,-519.07,94.71,,
38758,-1440.22,-475.87,-108.53,,
38778,-1385.14,-472.98,-237.27,,
38798,-1303.70,-463.94,-248.48,,
38818,-1235.84,-471.91,-161.85,,
38838,-1162.35,-444.46,-10.97,,
38858,-1094.07,-420.14,142.08,,
38878,-1028.28,-413.58,314.88,,
38898,-958.37,-368.30,469.10,,
38918,-880.77,-316.53,580.14,,
38938,-796.58,-258.77,685.48,,
38958,-734.44,-192.63,821.81,,
38978,-695.04,-112.59,957.98,,
38998,-676.15,-38.17,1060.40,,
39018,-631.39,55.24,1155.51,,
39038,-485.70,238.67,1198.96,,
39058,-358.24,679.32,1147.22,,
39078,-255.48,1433.56,990.83,,
39098,-44.61,2381.64,694.93,,
39118,179.95,3245.13,306.52,,
39138,346.54,3819.78,-61.88,,
39158,433.74,4048.96,-320.23,,
39177,436.86,3976.55,-451.08,,
39198,362.94,3675.83,-479.07,,
39218,237.12,3287.59,-443.00,,
39238,82.13,2917.33,-386.43,,
39258,-93.01,2613.50,-329.41,,
39277,-260.39,2391.08,-284.35,,
39298,-404.32,2241.39,-253.59,,
39318,-515.14,2154.14,-243.96,,
39337,-589.94,2162.82,-300.80,,
39358,-638.57,2255.90,-433.10,,
39378,-667.89,2331.09,-560.25,,
39398,-688.74,2319.43,-627.24,,
39417,-720.41,2200.79,-614.54,,
39438,-772.24,2013.73,-536.64,,
39458,-822.57,1854.32,-452.59,,
39477,-860.00,1769.14,-407.69,,
39498,-889.11,1733.66,-385.86,,
39518,-930.11,1703.03,-353.65,,
39538,-1012.55,1631.74,-289.43,,
39558,-1113.89,1510.54,-195.89,,
39577,-1181.41,1354.66,-84.99,,
39598,-1209.26,1214.87,41.31,,
39618,-1228.19,1116.72,170.53,,
39637,-1247.01,1062.12,261.31,,
39657,-1259.43,1031.64,313.01,,
39678,-1259.02,995.30,360.50,,
39698,-1265.96,918.29,435.58,,
39718,-1306.08,797.75,529.80,,
39738,-1359.14,678.78,610.18,,
39757,-1372.80,588.60,688.91,,
39778,-1342.09,511.89,786.40,,
39798,-1305.06,439.29,888.74,,
39818,-1283.63,396.78,964.87,,
39837,-1273.64,408.40,1002.26,,
39856,-1253.99,447.66,1011.87,,
39878,-1220.32,488.93,1019.57,,
39898,-1193.29,518.28,1026.65,,
39917,-1177.50,552.74,1022.53,,
39937,-1176.08,579.47,1012.18,,
39957,-1190.68,570.31,998.71,,
39978,-1216.13,516.71,974.01,,
39998,-1249.89,423.63,942.67,,
40017,-1288.97,298.95,929.44,,
40037,-1326.55,168.43,924.60,,
40057,-1356.94,85.72,892.52,,
40078,-1383.05,56.59,824.69,,
40097,-1409.72,44.43,754.50,,
40117,-1438.32,24.90,705.25,,
40137,-1464.85,-7.98,677.44,,
40158,-1482.20,-44.79,668.08,,
40176,-1487.78,-69.40,648.25,,
40197,-1480.82,-55.25,611.65,,
40218,-1471.68,-40.83,586.64,,
40238,-1463.91,-65.71,603.37,,
40257,-1457.87,-121.02,657.10,,
40278,-1444.30,-171.60,723.07,,
40298,-1420.80,-194.32,773.81,,
40317,-1385.71,-168.06,796.75,,
40337,-1341.26,-112.34,782.02,,
40358,-1295.64,-59.31,751.64,,
40378,-1252.42,-31.79,726.44,,
40397,-1212.42,-31.45,710.95,,
40417,-1179.83,-41.04,707.79,,
40438,-1155.64,-48.09,697.75,,
40457,-1139.64,-37.95,685.91,,
40477,-1134.67,-32.16,667.15,,
40497,-1140.99,-38.21,655.57,,
40518,-1152.57,-48.08,650.87,,
40538,-1155.04,-39.75,642.08,,
40557,-1143.79,4.31,630.19,,
40597,-1107.77,104.61,589.87,,
40618,-1094.97,126.75,576.32,,
40638,-1097.92,100.56,570.60,,
40657,-1114.68,55.05,579.16,,
40677,-1132.04,21.04,581.34,,
40697,-1139.84,29.06,571.24,,
40718,-1133.02,79.72,562.05,,
40737,-1120.74,139.43,547.75,,
40757,-1109.40,189.61,544.57,,
40777,-1103.56,222.80,564.13,,
40797,-1102.90,231.59,595.31,,
40818,-1099.60,225.41,642.72,,
40837,-1101.66,198.55,687.47,,
40858,-1104.87,166.67,718.05,,
40877,-1108.09,147.84,727.65,,
40897,-1103.33,135.97,712.70,,
40917,-1086.26,145.18,682.74,,
40937,-1065.28,166.55,657.62,,
40957,-1057.60,164.08,638.53,,
40977,-1066.92,135.91,622.75,,
40997,-1084.63,102.58,612.59,,
41017,-1092.00,100.47,605.46,,
41037,-1086.92,134.18,598.44,,
41057,-1074.81,171.17,584.15,,
41077,-1064.95,190.77,574.72,,
41097,-1060.16,182.41,571.64,,
41117,-1059.08,152.15,576.54,,
41137,-1064.30,106.98,590.64,,
41157,-1075.82,57.95,612.51,,
41177,-1092.09,8.30,630.54,,
41197,-1114.10,-39.25,641.15,,
41217,-1142.51,-78.83,658.33,,
41237,-1171.76,-118.66,683.93,,
41257,-1198.20,-173.75,710.63,,
41277,-1220.22,-245.46,736.07,,
41297,-1242.00,-337.23,760.92,,
41317,-1267.48,-451.53,783.19,,
41337,-1293.79,-600.96,798.28,,
41357,-1319.57,-790.44,798.34,,
41377,-1340.74,-1004.53,777.46,,
41397,-1359.17,-1223.22,740.33,,
41417,-1380.68,-1439.75,685.24,,
41437,-1404.14,-1645.46,614.39,,
41457,-1428.47,-1835.54,533.32,,
41477,-1456.04,-2014.49,459.72,,
41497,-1489.64,-2206.32,404.88,,
41517,-1540.77,-2442.63,358.82,,
41537,-1608.98,-2688.15,297.74,,
41557,-1684.01,-2900.87,127.84,,
41577,-1762.16,-3107.34,-10.42,,
41597,-1786.85,-3321.63,-4.19,,
41617,-1719.97,-3379.44,21.80,,
41637,-1624.46,-3288.89,-36.20,,
41657,-1534.28,-3092.70,-108.40,,
41677,-1497.24,-2847.85,-97.42,,
41697,-1444.03,-2645.46,-34.43,,
41717,-1389.46,-2443.74,77.77,,
41737,-1386.22,-2249.29,157.64,,
41757,-1464.45,-2055.41,213.76,,
41777,-1527.34,-1862.98,234.82,,
41797,-1565.99,-1692.45,290.83,,
41817,-1519.44,-1550.75,413.95,,
41837,-1404.42,-1426.27,538.64,,
41857,-1286.30,-1330.39,596.98,,
41877,-1207.09,-1257.23,607.64,,
41897,-1134.45,-1188.48,580.92,,
41917,-1060.47,-1139.52,513.08,,
41937,-1001.36,-1095.75,442.63,,
41957,-978.60,-1032.91,386.84,,
41977,-970.86,-961.89,362.34,,
41997,-966.72,-889.18,347.38,,
42017,-963.73,-820.13,297.41,,
42037,-963.04,-753.89,270.29,,
42057,-928.45,-684.42,249.00,,
42077,-903.01,-629.24,148.11,,
42097,-885.07,-583.32,16.45,,
42117,-880.98,-550.06,-50.03,,
42137,-866.67,-513.21,4.60,,
42157,-857.74,-476.85,94.90,,
42177,-848.51,-441.88,202.48,,
42197,-823.47,-387.72,358.69,,
42217,-797.49,-340.81,530.81,,
42237,-765.07,-303.05,734.09,,
42257,-735.69,-234.91,923.11,,
42277,-717.92,-164.81,1065.77,,
42297,-703.51,-97.33,1172.11,,
42317,-686.21,-46.82,1285.30,,
42337,-664.91,14.06,1404.58,,
42357,-636.53,79.64,1513.68,,
42377,-601.35,141.16,1623.13,,
42397,-526.28,278.13,1691.43,,
42417,-461.09,582.47,1584.42,,
42437,-363.82,1225.11,1298.41,,
42457,-96.04,2111.13,844.40,,
42477,209.57,3034.61,281.10,,
42497,453.07,3839.13,-251.86,,
42517,625.61,4446.63,-654.86,,
42537,726.68,4761.08,-865.87,,
42557,747.92,4746.86,-885.71,,
42577,674.23,4441.32,-775.97,,
42597,511.56,3954.52,-605.90,,
42617,284.08,3411.22,-407.78,,
42637,67.70,2941.85,-223.95,,
42657,-104.89,2586.95,-97.57,,
42677,-230.73,2344.83,-52.83,,
42697,-315.28,2197.79,-87.52,,
42717,-358.87,2173.30,-218.47,,
42737,-374.79,2187.30,-373.13,,
42757,-380.47,2159.94,-486.89,,
42777,-401.96,2076.39,-536.71,,
42797,-439.17,1961.77,-525.81,,
42817,-488.56,1867.76,-507.53,,
42837,-535.95,1813.65,-523.32,,
42857,-568.59,1769.03,-556.26,,
42877,-599.73,1731.02,-581.67,,
42897,-612.38,1706.52,-559.77,,
42917,-621.83,1673.65,-476.21,,
42937,-649.07,1599.06,-350.70,,
42957,-684.59,1465.11,-232.92,,
42977,-711.71,1280.85,-130.67,,
42997,-738.04,1101.00,-21.26,,
43017,-764.43,961.31,93.74,,
43037,-805.06,819.23,200.04,,
43057,-882.36,644.28,301.37,,
43077,-982.91,447.69,436.77,,
43097,-1064.18,270.16,593.64,,
43117,-1103.02,145.35,730.18,,
43137,-1110.39,88.51,827.53,,
43157,-1104.44,78.17,891.39,,
43177,-1081.08,106.25,939.95,,
43197,-1048.62,162.80,966.87,,
43217,-1013.91,240.07,974.11,,
43237,-998.97,287.17,1001.58,,
43257,-1020.11,259.78,1056.08,,
43277,-1050.53,198.70,1099.60,,
43297,-1062.86,141.87,1090.19,,
43317,-1055.70,89.96,1050.14,,
43337,-1036.44,30.99,1028.13,,
43357,-1012.99,-37.88,1040.40,,
43377,-988.82,-106.72,1079.28,,
43397,-968.36,-161.50,1130.87,,
43417,-957.71,-178.01,1148.59,,
43437,-951.89,-129.04,1091.87,,
43457,-940.57,-31.26,995.73,,
43477,-927.62,45.71,911.58,,
43497,-915.14,81.97,862.60,,
43517,-903.36,84.19,828.39,,
43537,-895.64,79.60,798.26,,
43557,-906.73,53.50,767.39,,
43577,-934.94,9.82,741.77,,
43597,-972.75,-53.83,720.55,,
43617,-1012.32,-138.98,714.57,,
43637,-1042.94,-211.44,723.02,,
43657,-1059.29,-243.94,725.42,,
43677,-1058.22,-224.56,716.03,,
43697,-1043.96,-159.06,691.23,,
43717,-1024.04,-62.75,639.47,,
43737,-1011.53,32.03,582.40,,
43757,-1013.94,94.54,541.79,,
43777,-1028.36,116.34,520.95,,
43797,-1046.30,111.43,527.93,,
43817,-1067.66,68.07,558.90,,
43837,-1089.47,-4.00,611.08,,
43857,-1106.48,-75.17,661.83,,
43877,-1109.50,-117.33,688.79,,
43897,-1095.12,-107.96,693.86,,
43917,-1064.95,-50.16,688.31,,
43937,-1030.09,17.42,672.26,,
43957,-995.01,79.74,644.94,,
43977,-971.64,118.79,617.20,,
43997,-972.22,122.06,587.08,,
44017,-989.55,88.28,563.50,,
44037,-1022.96,34.27,557.03,,
44057,-1057.26,2.98,559.11,,
44077,-1084.78,-0.55,547.41,,
44097,-1105.07,27.57,515.15,,
44117,-1120.01,80.70,467.28,,
44137,-1132.76,143.82,418.95,,
44157,-1146.52,201.49,392.23,,
44177,-1163.42,230.75,389.04,,
44197,-1183.43,227.73,413.46,,
44217,-1210.32,206.02,459.02,,
44237,-1237.98,195.91,499.84,,
44257,-1259.27,208.08,510.76,,
44277,-1266.43,258.40,488.92,,
44297,-1259.86,334.70,452.15,,
44317,-1245.86,402.13,407.99,,
44337,-1229.99,431.87,371.57,,
44357,-1218.36,416.37,351.31,,
44377,-1213.48,389.82,348.78,,
44397,-1215.09,358.20,340.75,,
44417,-1213.34,346.43,326.49,,
44437,-1201.47,362.73,318.45,,
44457,-1183.95,380.71,313.52,,
44477,-1169.38,371.65,310.42,,
44497,-1160.60,332.97,326.34,,
44517,-1156.16,267.14,366.80,,
44537,-1149.16,190.61,413.68,,
44557,-1133.68,130.13,462.18,,
44577,-1111.71,90.32,513.91,,
44597,-1086.04,68.69,560.58,,
44617,-1050.38,63.55,598.50,,
44637,-1009.26,64.37,621.15,,
44657,-974.52,59.66,633.40,,
44677,-952.23,42.75,646.72,,
44697,-942.82,4.42,663.17,,
44717,-944.38,-51.13,677.32,,
44737,-959.75,-122.03,693.48,,
44757,-989.49,-213.87,704.24,,
44777,-1029.44,-322.95,706.20,,
44797,-1077.00,-445.44,708.13,,
44817,-1128.15,-586.42,718.03,,
44837,-1184.78,-740.36,732.30,,
44857,-1251.22,-907.51,752.51,,
44877,-1319.69,-1078.06,771.17,,
44897,-1382.22,-1254.23,788.98,,
44917,-1436.57,-1433.02,804.16,,
44937,-1484.52,-1603.98,803.58,,
44957,-1528.16,-1764.54,775.48,,
44977,-1566.99,-1910.60,727.64,,
44997,-1596.50,-2049.92,661.82,,
45017,-1620.34,-2195.53,588.56,,
45037,-1650.38,-2366.63,523.47,,
45057,-1703.50,-2590.45,457.62,,
45077,-1774.93,-2838.79,307.44,,
45097,-1825.03,-3055.98,254.67,,
45117,-1775.75,-3218.42,428.10,,
45137,-1664.48,-3219.63,573.26,,
45157,-1629.29,-3062.29,499.33,,
45177,-1641.83,-2790.98,366.01,,
45197,-1644.27,-2490.03,303.22,,
45217,-1620.30,-2249.25,251.60,,
45237,-1570.65,-2027.47,163.24,,
45257,-1545.92,-1847.97,51.37,,
45277,-1512.79,-1685.20,-28.85,,
45297,-1485.37,-1536.17,-72.87,,
45317,-1426.21,-1407.95,-74.79,,
45337,-1326.00,-1290.45,-66.71,,
45357,-1228.38,-1190.27,-76.89,,
45377,-1167.06,-1096.74,-36.12,,
45397,-1128.65,-1009.92,21.66,,
45417,-1092.15,-920.15,91.42,,
45437,-1041.49,-859.44,170.23,,
45457,-976.69,-810.38,260.60,,
45497,-913.94,-709.28,435.25,,
45517,-903.59,-667.41,474.23,,
45537,-872.78,-652.55,450.55,,
45557,-804.72,-637.63,377.78,,
45577,-701.95,-626.90,301.86,,
45597,-629.90,-617.95,245.98,,
45617,-594.59,-591.87,220.99,,
45637,-607.56,-546.29,211.04,,
45657,-649.71,-483.93,187.26,,
45677,-714.01,-398.92,146.30,,
45697,-763.96,-330.99,84.67,,
45717,-780.50,-272.18,72.90,,
45737,-800.48,-242.42,136.24,,
45757,-837.30,-204.40,259.88,,
45777,-872.43,-160.51,393.44,,
45797,-917.19,-95.09,563.02,,
45817,-958.33,-26.41,763.13,,
45837,-992.12,29.59,981.06,,
45857,-1004.39,99.20,1204.86,,
45877,-1010.75,146.60,1373.49,,
45897,-978.36,218.64,1485.67,,
45917,-875.71,393.75,1500.58,,
45937,-729.17,712.24,1424.93,,
45957,-569.20,1322.31,1241.47,,
45977,-412.64,2187.19,943.65,,
45997,-256.35,3134.15,539.16,,
46017,-113.27,3966.59,120.15,,
46037,1.70,4576.61,-229.56,,
46057,88.93,4884.25,-470.81,,
46077,130.97,4861.65,-581.67,,
46097,112.72,4544.53,-565.57,,
46117,27.50,4046.59,-460.02,,
46137,-94.46,3526.88,-329.91,,
46157,-233.91,3073.67,-221.19,,
46177,-378.85,2707.34,-138.81,,
46197,-509.86,2430.07,-87.39,,
46217,-600.65,2268.74,-93.90,,
46237,-647.25,2215.37,-167.33,,
46257,-670.07,2201.04,-263.88,,
46277,-683.95,2177.52,-347.38,,
46297,-711.40,2122.94,-401.21,,
46317,-755.92,2043.19,-427.61,,
46337,-798.92,1973.21,-460.23,,
46357,-821.57,1933.98,-509.72,,
46377,-828.51,1922.85,-557.66,,
46397,-832.00,1920.64,-570.50,,
46417,-836.61,1903.71,-537.51,,
46437,-816.58,1833.54,-474.67,,
46457,-819.81,1692.43,-378.57,,
46477,-864.10,1512.99,-236.80,,
46497,-915.69,1376.02,-52.46,,
46517,-950.61,1250.55,117.98,,
46537,-976.10,1084.77,238.08,,
46556,-1009.49,894.50,291.82,,
46578,-1044.70,688.94,316.13,,
46597,-1055.23,590.14,329.03,,
46617,-1067.74,526.94,358.32,,
46637,-1095.31,450.00,411.36,,
46657,-1139.55,329.33,492.31,,
46677,-1187.05,206.56,565.37,,
46697,-1221.80,151.82,610.10,,
46717,-1240.65,166.44,658.55,,
46737,-1253.54,191.40,729.53,,
46757,-1256.78,217.34,811.04,,
46777,-1239.25,258.37,883.40,,
46797,-1220.64,273.68,942.20,,
46817,-1212.27,248.46,992.49,,
46837,-1200.22,212.95,1022.64,,
46857,-1174.57,180.05,1043.59,,
46877,-1153.39,134.76,1081.19,,
46897,-1165.42,47.44,1140.44,,
46917,-1211.33,-60.80,1203.59,,
46937,-1270.26,-145.87,1243.04,,
46957,-1322.70,-171.03,1251.26,,
46977,-1356.22,-139.54,1226.08,,
46997,-1366.42,-55.89,1161.55,,
47017,-1342.85,82.32,1092.59,,
47037,-1318.48,165.48,1025.92,,
47057,-1329.07,140.61,997.91,,
47077,-1343.92,99.28,958.82,,
47097,-1332.88,90.10,881.09,,
47117,-1299.31,92.78,786.76,,
47137,-1259.43,71.08,700.21,,
47157,-1225.59,17.12,648.53,,
47177,-1199.50,-52.65,636.21,,
47197,-1178.12,-124.85,642.29,,
47217,-1149.89,-155.26,644.15,,
47237,-1102.76,-123.29,624.14,,
47257,-1043.43,-61.63,583.48,,
47277,-984.25,8.60,534.63,,
47297,-947.83,35.52,504.04,,
47317,-946.17,-13.56,516.09,,
47337,-968.35,-92.49,546.14,,
47357,-985.31,-129.01,556.70,,
47377,-992.36,-125.65,550.36,,
47397,-1002.10,-127.20,553.19,,
47417,-1020.81,-142.17,572.84,,
47437,-1038.28,-141.71,593.33,,
47457,-1039.37,-89.09,586.60,,
47477,-1015.11,27.20,541.47,,
47497,-982.71,145.94,486.93,,
47517,-958.83,215.87,453.34,,
47537,-947.11,218.75,444.97,,
47557,-942.41,161.96,463.00,,
47577,-941.00,77.38,504.10,,
47597,-937.36,14.63,542.02,,
47617,-932.21,-10.15,548.58,,
47637,-925.27,12.48,527.46,,
47657,-914.46,69.44,498.37,,
47677,-903.16,130.72,463.56,,
47697,-894.77,188.86,424.44,,
47717,-896.85,225.03,387.39,,
47737,-915.86,214.86,375.65,,
47757,-945.51,150.65,391.56,,
47777,-975.03,72.97,431.89,,
47797,-992.81,27.47,468.26,,
47817,-995.84,35.19,473.93,,
47837,-983.37,110.48,441.42,,
47857,-961.18,214.01,395.13,,
47877,-950.72,268.40,351.12,,
47897,-958.84,256.12,338.07,,
47917,-975.13,202.83,369.57,,
47937,-991.14,140.76,415.25,,
47957,-995.26,105.06,447.46,,
47977,-980.56,115.21,455.13,,
47997,-948.74,160.59,448.85,,
48017,-912.79,201.39,435.23,,
48037,-886.91,224.48,432.46,,
48057,-875.19,217.13,458.01,,
48077,-875.89,165.55,496.90,,
48097,-882.44,99.08,533.67,,
48117,-884.62,58.83,566.22,,
48137,-883.17,54.29,575.30,,
48157,-884.00,62.14,553.15,,
48177,-889.40,59.84,532.92,,
48197,-905.95,29.38,529.06,,
48217,-935.72,-20.95,537.16,,
48237,-973.13,-68.72,555.10,,
48257,-1009.40,-110.60,575.88,,
48277,-1033.31,-147.35,590.41,,
48297,-1041.49,-178.34,592.45,,
48317,-1044.79,-204.96,588.12,,
48337,-1050.67,-231.92,587.45,,
48357,-1055.25,-262.63,596.52,,
48377,-1067.30,-305.61,614.10,,
48397,-1101.10,-380.72,646.03,,
48417,-1151.43,-497.16,684.48,,
48437,-1203.67,-638.75,716.09,,
48457,-1247.73,-782.93,734.89,,
48477,-1280.90,-927.02,736.63,,
48497,-1313.16,-1081.71,717.62,,
48517,-1352.18,-1246.90,686.40,,
48537,-1399.89,-1415.87,650.53,,
48557,-1450.26,-1578.10,621.61,,
48577,-1493.48,-1727.67,602.20,,
48597,-1534.62,-1903.73,592.67,,
48617,-1575.53,-2108.85,589.00,,
48637,-1619.23,-2347.04,588.42,,
48657,-1675.39,-2621.34,572.16,,
48677,-1747.70,-2900.38,429.91,,
48697,-1811.27,-3184.41,279.28,,
48717,-1775.40,-3469.40,238.15,,
48737,-1679.71,-3545.16,199.99,,
48757,-1597.94,-3407.82,196.54,,
48777,-1575.05,-3177.34,279.64,,
48797,-1568.29,-2939.33,322.32,,
48817,-1545.62,-2698.62,340.88,,
48837,-1582.63,-2457.71,411.07,,
48857,-1652.92,-2246.41,456.30,,
48877,-1728.36,-2038.24,508.68,,
48897,-1775.14,-1845.40,595.68,,
48917,-1806.05,-1681.90,659.41,,
48937,-1754.40,-1534.81,686.15,,
48957,-1644.84,-1421.17,696.44,,
48977,-1497.00,-1357.56,670.77,,
48997,-1343.88,-1312.33,639.40,,
49017,-1210.36,-1266.48,641.90,,
49037,-1118.04,-1211.82,653.32,,
49057,-1074.71,-1161.89,673.59,,
49077,-1060.24,-1097.76,681.47,,
49097,-1060.94,-1033.59,678.19,,
49117,-1067.04,-961.00,649.61,,
49137,-1071.29,-884.52,599.81,,
49157,-1043.70,-848.34,509.25,,
49177,-975.25,-820.19,438.38,,
49197,-906.35,-772.42,385.79,,
49217,-874.43,-729.40,312.01,,
49237,-854.41,-678.87,259.31,,
49257,-816.53,-632.21,217.37,,
49277,-760.45,-577.20,241.32,,
49297,-739.99,-532.81,259.24,,
49317,-751.24,-451.84,294.88,,
49337,-821.86,-363.35,379.20,,
49357,-919.28,-311.16,540.02,,
49377,-983.97,-247.61,764.30,,
49397,-1002.57,-196.13,968.06,,
49415,-987.21,-154.38,1134.09,,
49437,-966.39,-84.97,1261.72,,
49457,-944.22,-4.11,1332.80,,
49477,-891.91,70.83,1359.60,,
49497,-798.72,131.27,1366.53,,
49517,-638.88,243.00,1386.69,,
49537,-410.31,498.00,1389.48,,
49557,-242.32,1061.98,1330.96,,
49577,-119.35,1904.86,1135.16,,
49597,-16.07,2822.27,813.00,,
49617,66.24,3661.05,447.03,,
49637,125.99,4327.83,104.32,,
49657,166.64,4752.03,-145.41,,
49677,202.70,4871.33,-277.36,,
49697,219.97,4688.45,-309.76,,
49717,183.94,4279.54,-271.58,,
49737,104.11,3815.07,-203.46,,
49757,7.17,3389.79,-139.95,,
49777,-96.56,3025.99,-88.37,,
49797,-191.71,2734.01,-50.74,,
49817,-265.81,2526.99,-46.29,,
49837,-303.71,2432.17,-113.59,,
49857,-307.06,2418.71,-246.44,,
49877,-286.59,2434.97,-410.18,,
49897,-272.83,2440.61,-561.21,,
49917,-289.44,2409.14,-660.44,,
49937,-324.59,2336.73,-710.81,,
49957,-356.90,2263.16,-740.53,,
49976,-392.77,2235.11,-770.22,,
49997,-459.90,2256.64,-762.01,,
50017,-528.25,2258.47,-685.53,,
50037,-558.31,2173.13,-585.08,,
50057,-585.77,2012.15,-490.89,,
50077,-658.93,1820.25,-341.62,,
50097,-753.33,1612.71,-121.26,,
50117,-829.16,1403.27,91.60,,
50137,-885.68,1241.58,234.58,,
50157,-929.01,1140.30,324.38,,
50177,-945.74,1028.33,432.39,,
50197,-952.91,814.56,584.90,,
50217,-978.91,512.26,748.68,,
50236,-1012.67,236.16,862.99,,
50257,-1034.35,52.95,913.89,,
50277,-1032.20,-25.74,949.61,,
50297,-1021.18,-49.24,987.37,,
50317,-1016.24,-75.50,1023.82,,
50337,-1027.68,-132.08,1062.46,,
50377,-1066.19,-143.08,1102.15,,
50397,-1077.17,-74.85,1098.55,,
50417,-1076.35,-10.57,1076.88,,
50436,-1076.11,-8.26,1047.67,,
50456,-1084.63,-50.58,1028.44,,
50477,-1092.96,-102.37,1008.66,,
50497,-1095.33,-154.36,982.57,,
50517,-1096.80,-215.86,972.39,,
50536,-1095.57,-270.93,982.87,,
50557,-1086.81,-297.88,985.72,,
50577,-1063.93,-277.57,975.37,,
50596,-1026.55,-217.61,948.10,,
50617,-985.86,-151.77,906.39,,
50637,-951.31,-111.68,875.70,,
50656,-926.04,-102.83,847.26,,
50676,-908.60,-92.53,803.54,,
50697,-893.58,-56.33,741.16,,
50717,-888.85,-24.54,675.31,,
50737,-903.51,-32.56,645.29,,
50756,-935.93,-83.22,647.75,,
50777,-973.82,-129.79,661.15,,
50797,-1001.65,-123.86,667.34,,
50817,-1009.74,-63.46,663.48,,
50836,-1012.05,20.74,652.00,,
50857,-1024.34,96.73,644.05,,
50877,-1043.01,151.62,655.96,,
50896,-1055.49,181.44,666.25,,
50916,-1064.52,199.82,669.59,,
50937,-1078.42,187.47,670.54,,
50957,-1096.69,147.53,686.25,,
50977,-1115.15,89.39,711.81,,
50996,-1125.93,27.67,738.01,,
51016,-1119.53,-11.39,751.58,,
51036,-1094.62,-12.55,739.23,,
51057,-1048.96,36.71,690.71,,
51077,-997.26,101.75,616.11,,
51096,-960.31,146.19,547.56,,
51116,-939.04,157.20,500.08,,
51137,-929.73,128.04,472.52,,
51157,-930.79,74.62,461.20,,
51176,-934.44,29.89,461.36,,
51196,-937.22,7.71,455.89,,
51216,-934.30,19.07,442.21,,
51237,-925.93,67.93,420.41,,
51257,-911.75,133.35,387.80,,
51276,-900.27,188.24,353.06,,
51296,-896.74,221.34,329.74,,
51317,-902.49,216.15,320.83,,
51337,-917.94,183.41,337.80,,
51356,-942.20,140.75,373.58,,
51376,-964.03,109.83,402.78,,
51396,-970.22,118.76,403.82,,
51416,-963.42,161.19,370.00,,
51436,-957.14,203.14,329.51,,
51457,-953.31,222.44,296.33,,
51476,-954.17,221.48,294.06,,
51496,-955.16,199.28,307.36,,
51517,-953.68,177.08,334.83,,
51536,-949.48,170.69,370.30,,
51557,-941.39,172.38,394.73,,
51576,-931.23,174.46,405.32,,
51596,-926.24,163.21,418.45,,
51617,-927.30,136.71,440.71,,
51636,-935.49,105.93,471.71,,
51656,-945.18,79.33,511.52,,
51676,-949.70,48.61,542.63,,
51696,-949.06,22.10,550.42,,
51717,-948.48,9.27,542.49,,
51736,-952.14,3.25,540.44,,
51756,-959.29,-5.30,559.78,,
51776,-976.38,-27.40,590.54,,
51796,-1005.49,-68.37,622.24,,
51816,-1033.14,-114.95,648.63,,
51836,-1056.08,-158.43,669.16,,
51856,-1080.17,-204.42,679.55,,
51876,-1108.15,-258.62,684.15,,
51896,-1144.75,-331.37,685.76,,
51916,-1188.12,-420.26,684.09,,
51936,-1237.75,-522.00,685.43,,
51956,-1293.34,-653.55,691.28,,
51976,-1354.10,-818.15,699.77,,
51996,-1411.88,-1005.03,708.67,,
52016,-1457.21,-1183.38,715.21,,
52036,-1489.70,-1372.11,719.95,,
52056,-1510.07,-1540.42,720.66,,
52076,-1522.92,-1692.43,708.26,,
52096,-1544.22,-1841.67,684.87,,
52117,-1575.42,-2002.71,655.88,,
52136,-1621.09,-2199.42,619.54,,
52156,-1688.28,-2444.38,561.10,,
52176,-1777.41,-2705.54,405.28,,
52196,-1861.15,-2997.04,361.59,,
52216,-1850.83,-3262.92,429.60,,
52236,-1798.96,-3372.92,368.00,,
52256,-1772.03,-3306.17,194.66,,
52276,-1726.41,-3141.81,15.20,,
52296,-1658.57,-2935.32,-20.02,,
52316,-1568.46,-2765.98,4.43,,
52336,-1487.38,-2580.53,80.92,,
52356,-1458.08,-2393.74,147.21,,
52376,-1487.54,-2232.77,176.41,,
52396,-1514.07,-2061.95,200.91,,
52416,-1515.15,-1896.62,220.04,,
52436,-1504.84,-1757.59,286.34,,
52456,-1481.96,-1620.79,350.37,,
52476,-1449.98,-1493.61,364.12,,
52496,-1395.79,-1382.03,362.73,,
52516,-1343.11,-1297.62,336.98,,
52536,-1284.13,-1225.63,299.25,,
52556,-1247.88,-1149.19,262.73,,
52576,-1195.44,-1067.31,230.63,,
52596,-1128.33,-999.14,211.90,,
52616,-1068.84,-926.08,167.99,,
52636,-1004.35,-863.06,106.07,,
52656,-940.34,-813.73,57.88,,
52676,-881.26,-769.49,3.54,,
52696,-814.50,-732.98,-26.61,,
52716,-755.97,-676.67,-45.81,,
52736,-696.16,-615.13,-28.35,,
52756,-654.61,-566.64,-1.92,,
52776,-646.10,-506.17,39.88,,
52796,-688.57,-449.42,139.69,,
52816,-769.62,-375.14,265.83,,
52836,-845.44,-302.02,390.16,,
52856,-890.52,-216.31,524.88,,
52876,-937.07,-150.57,656.95,,
52896,-991.84,-87.09,792.07,,
52916,-1043.15,-23.35,919.81,,
52936,-1074.34,33.97,1052.18,,
52956,-1065.92,98.25,1173.28,,
52976,-996.88,167.29,1265.34,,
52996,-867.01,277.14,1349.76,,
53016,-700.78,509.66,1392.33,,
53036,-551.37,944.83,1325.98,,
53056,-444.54,1676.44,1149.31,,
53076,-374.10,2606.93,885.08,,
53096,-315.91,3505.18,562.25,,
53116,-268.10,4267.25,213.05,,
53136,-216.65,4840.40,-86.85,,
53156,-170.72,5148.69,-272.48,,
53176,-152.16,5135.75,-331.31,,
53196,-180.53,4797.28,-283.44,,
53216,-276.74,4236.13,-171.11,,
53236,-394.75,3664.10,-47.65,,
53256,-498.75,3188.39,36.87,,
53276,-579.28,2802.81,77.22,,
53296,-636.82,2508.01,80.76,,
53316,-666.47,2327.41,27.70,,
53336,-660.36,2234.70,-79.82,,
53356,-631.94,2175.49,-191.14,,
53376,-596.95,2138.02,-277.36,,
53396,-554.92,2136.38,-336.72,,
53416,-500.92,2181.61,-381.56,,
53436,-476.17,2239.87,-407.38,,
53456,-490.82,2233.91,-421.46,,
53476,-536.67,2128.89,-461.02,,
53496,-603.84,1998.37,-541.53,,
53516,-673.71,1906.03,-615.57,,
53536,-753.92,1847.68,-624.60,,
53556,-865.96,1788.97,-570.30,,
53576,-992.10,1711.21,-472.24,,
53596,-1108.60,1589.12,-349.90,,
53616,-1203.98,1449.80,-207.31,,
53636,-1237.54,1311.01,-67.90,,
53656,-1224.69,1163.73,41.40,,
53676,-1204.69,989.19,142.66,,
53696,-1194.41,776.01,263.40,,
53716,-1197.26,533.67,435.93,,
53736,-1207.80,305.60,648.78,,
53756,-1197.29,150.32,850.73,,
53776,-1149.15,83.47,985.33,,
53796,-1095.12,59.38,1037.99,,
53816,-1065.05,66.97,1040.80,,
53836,-1050.46,109.77,1032.15,,
53856,-1031.62,170.85,1031.23,,
53876,-1010.85,240.60,1011.09,,
53896,-1000.67,296.97,968.83,,
53916,-1018.06,296.74,931.25,,
53936,-1071.42,229.99,914.99,,
53956,-1141.64,129.26,896.17,,
53976,-1195.47,46.45,876.29,,
53996,-1214.85,-1.29,855.11,,
54016,-1219.45,-36.42,833.41,,
54036,-1248.03,-100.00,843.84,,
54056,-1312.14,-199.44,880.01,,
54076,-1375.37,-268.50,900.27,,
54096,-1404.69,-267.36,888.01,,
54116,-1399.16,-216.19,850.22,,
54136,-1373.44,-143.27,819.59,,
54156,-1353.63,-82.64,811.08,,
54176,-1345.26,-49.56,826.60,,
54196,-1349.74,-54.14,847.16,,
54216,-1357.19,-69.33,864.50,,
54236,-1357.11,-95.25,861.55,,
54256,-1344.65,-130.72,862.70,,
54276,-1323.34,-174.26,873.91,,
54296,-1297.02,-207.36,898.19,,
54316,-1270.11,-228.26,913.48,,
54336,-1236.52,-227.29,905.73,,
54356,-1194.62,-195.86,862.03,,
54376,-1141.76,-131.25,785.96,,
54396,-1085.39,-62.89,689.89,,
54416,-1035.67,-2.36,601.54,,
54436,-1002.11,31.13,534.01,,
54456,-987.25,20.58,508.75,,
54476,-991.85,-24.32,514.89,,
54496,-1010.55,-76.36,532.92,,
54516,-1035.31,-111.77,555.18,,
54536,-1060.09,-125.96,569.90,,
54556,-1076.85,-106.35,570.76,,
54576,-1082.93,-62.80,553.01,,
54596,-1080.87,-10.43,511.69,,
54616,-1071.61,29.71,477.15,,
54636,-1064.17,37.66,468.57,,
54656,-1064.97,12.95,476.69,,
54676,-1070.37,-25.48,503.88,,
54696,-1075.21,-58.48,538.24,,
54716,-1081.13,-74.98,552.33,,
54736,-1081.99,-54.23,541.46,,
54756,-1065.99,11.43,513.33,,
54776,-1041.20,84.07,476.63,,
54796,-1018.96,135.17,451.64,,
54816,-1002.98,156.96,449.11,,
54836,-999.83,143.07,465.81,,
54856,-1003.67,105.93,491.13,,
54876,-1003.85,72.93,526.98,,
54896,-991.65,73.58,559.67,,
54916,-971.35,102.99,570.51,,
54936,-945.83,151.91,556.77,,
54956,-919.99,207.06,530.17,,
54976,-906.63,224.03,507.51,,
54996,-907.13,204.03,500.20,,
55016,-910.03,169.83,513.73,,
55036,-907.98,141.77,533.83,,
55056,-899.03,130.33,533.50,,
55076,-890.11,131.44,515.50,,
55096,-882.45,134.68,496.67,,
55116,-875.85,144.66,484.93,,
55136,-870.28,154.78,482.62,,
55156,-866.14,153.15,494.93,,
55176,-871.24,132.20,516.22,,
55196,-888.11,97.74,537.07,,
55216,-912.87,58.17,554.00,,
55235,-932.91,23.50,566.92,,
55256,-938.39,-22.74,577.11,,
55276,-948.48,-94.03,585.61,,
55296,-975.09,-179.90,600.10,,
55316,-1013.54,-272.86,618.29,,
55336,-1054.91,-370.57,633.37,,
55356,-1098.14,-469.92,638.73,,
55376,-1141.58,-566.89,638.31,,
55396,-1187.21,-669.53,632.94,,
55416,-1235.39,-790.63,628.19,,
55436,-1286.95,-937.59,625.28,,
55456,-1337.28,-1105.47,630.37,,
55476,-1379.05,-1283.67,650.44,,
55495,-1412.54,-1458.08,672.86,,
55516,-1447.88,-1641.08,682.51,,
55536,-1477.11,-1789.36,670.67,,
55556,-1496.22,-1910.66,640.09,,
55576,-1513.14,-2022.97,601.19,,
55596,-1538.55,-2139.18,565.20,,
55616,-1576.26,-2261.31,525.93,,
55636,-1628.11,-2410.76,480.22,,
55656,-1721.83,-2634.33,401.20,,
55676,-1831.37,-2831.07,275.87,,
55696,-1878.06,-3067.21,270.29,,
55716,-1768.58,-3198.35,300.94,,
55736,-1623.48,-3168.44,242.88,,
55756,-1523.94,-2994.48,242.87,,
55776,-1497.51,-2769.68,282.64,,
55796,-1481.45,-2547.16,319.42,,
55816,-1474.51,-2309.20,384.43,,
55836,-1495.80,-2101.20,391.34,,
55856,-1507.98,-1893.10,343.88,,
55876,-1539.74,-1681.56,324.26,,
55896,-1559.72,-1492.62,343.76,,
55916,-1551.00,-1344.89,350.59,,
55936,-1499.93,-1200.45,351.20,,
55956,-1398.55,-1080.98,322.35,,
55976,-1298.55,-1003.13,279.08,,
55996,-1244.67,-930.36,226.85,,
56016,-1220.67,-865.95,190.37,,
56036,-1160.86,-806.95,174.81,,
56056,-1107.25,-751.12,148.46,,
56076,-1048.27,-715.80,98.63,,
56096,-978.38,-690.13,59.38,,
56116,-930.17,-665.04,44.45,,
56136,-888.18,-659.43,59.70,,
56156,-826.97,-641.63,58.41,,
56176,-771.35,-610.44,31.68,,
56196,-729.49,-564.99,2.95,,
56216,-718.52,-521.66,-0.43,,
56236,-751.50,-486.29,52.84,,
56256,-805.71,-431.96,128.69,,
56276,-849.63,-367.52,210.31,,
56296,-901.68,-273.28,315.43,,
56316,-969.52,-203.94,435.09,,
56336,-1050.70,-174.82,610.99,,
56356,-1083.23,-144.86,819.51,,
56376,-1080.61,-111.24,978.08,,
56396,-1063.21,-54.66,1109.66,,
56416,-1044.07,16.48,1224.37,,
56436,-1027.11,65.78,1316.49,,
56456,-984.74,99.80,1414.40,,
56476,-919.45,106.09,1504.14,,
56496,-806.55,131.57,1591.47,,
56516,-641.08,220.73,1594.37,,
56536,-515.39,506.04,1542.03,,
56556,-435.84,1134.03,1454.41,,
56576,-329.23,2004.56,1200.52,,
56596,-193.72,2951.26,721.92,,
56616,-34.80,3786.55,185.51,,
56636,130.25,4407.00,-246.69,,
56656,269.94,4734.29,-521.73,,
56676,348.53,4743.45,-658.43,,
56696,333.39,4442.04,-683.99,,
56716,240.84,3992.61,-612.89,,
56736,114.54,3529.84,-484.12,,
56757,-11.25,3088.00,-344.47,,
56776,-111.86,2712.89,-232.01,,
56796,-207.88,2386.70,-135.81,,
56816,-296.41,2128.34,-56.93,,
56836,-368.02,1928.59,-14.91,,
56856,-417.76,1793.31,-41.01,,
56876,-457.18,1713.42,-123.07,,
56896,-533.95,1599.66,-173.20,,
56916,-656.81,1393.44,-150.81,,
56936,-783.86,1192.57,-113.76,,
56956,-866.91,1078.58,-109.28,,
56976,-909.15,997.62,-114.87,,
56996,-926.65,912.10,-99.85,,
57016,-935.45,829.55,-62.52,,
57036,-940.30,748.54,9.45,,
57056,-934.02,680.90,125.91,,
57076,-910.09,645.60,287.86,,
57096,-872.23,615.85,439.72,,
57116,-849.97,531.97,486.34,,
57136,-832.52,474.03,443.96,,
57156,-814.70,451.21,358.40,,
57176,-811.82,415.56,273.70,,
57196,-838.26,333.59,237.03,,
57216,-877.32,223.83,245.41,,
57236,-911.90,113.31,268.49,,
57256,-935.06,5.69,297.79,,
57276,-935.90,-93.16,336.96,,
57296,-909.73,-173.20,389.40,,
57316,-865.79,-227.33,455.43,,
57336,-811.51,-258.52,528.75,,
57356,-748.49,-257.33,572.36,,
57376,-678.21,-228.98,566.12,,
57396,-607.42,-182.55,527.37,,
57416,-537.60,-126.55,471.52,,
57436,-479.15,-75.05,416.66,,
57456,-438.71,-38.01,368.89,,
57476,-404.95,-20.39,333.20,,
57496,-350.43,-5.15,334.73,,
57516,-258.57,29.39,358.40,,
57536,-150.10,58.20,430.20,,
57556,-60.71,39.60,546.87,,
57576,33.45,-27.17,676.00,,
57596,130.76,-131.02,798.51,,
57616,147.74,-210.23,900.06,,
57636,118.68,-260.23,964.12,,
57656,74.69,-287.41,988.93,,
57676,24.47,-299.94,982.57,,
57696,-8.03,-288.65,949.55,,
57716,-39.79,-239.75,896.50,,
57736,-72.73,-153.72,819.22,,
57756,-117.14,-30.49,718.51,,
57776,-138.23,114.81,618.78,,
57796,-190.58,299.98,522.68,,
57816,-239.93,516.29,426.21,,
57836,-280.18,722.54,308.56,,
57856,-299.73,865.00,151.65,,
57876,-295.79,941.65,-51.06,,
57896,-267.14,940.78,-306.99,,
57916,-200.76,872.95,-624.81,,
57936,-103.96,755.81,-1004.92,,
57956,4.45,589.58,-1438.77,,
57976,122.17,398.00,-1911.27,,
57996,231.85,198.71,-2355.47,,
58016,334.51,17.44,-2737.08,,
58036,444.80,-127.09,-3044.56,,
58056,568.99,-265.78,-3274.97,,
58076,703.08,-385.55,-3416.79,,
58096,840.45,-479.82,-3500.47,,
58116,946.40,-535.34,-3528.65,,
58136,1017.19,-553.42,-3535.04,,
58156,1048.05,-542.37,-3522.02,,
58176,1048.32,-490.48,-3515.00,,
58196,1038.48,-425.10,-3518.39,,
58216,1025.48,-354.73,-3536.63,,
58236,1010.30,-287.31,-3565.42,,
58256,1007.13,-262.17,-3592.31,,
58276,1002.82,-262.07,-3596.39,,
58296,994.08,-221.66,-3568.17,,
58316,989.69,-173.87,-3550.00,,
58336,990.31,-181.16,-3598.15,,
58356,1018.96,-248.94,-3667.31,,
58376,1029.99,-331.26,-3694.37,,
58396,990.74,-388.94,-3644.11,,
58416,917.77,-365.92,-3546.36,,
58436,833.08,-292.46,-3418.07,,
58456,771.65,-221.07,-3267.89,,
58476,770.53,-176.10,-3104.13,,
58496,861.98,-183.74,-2973.29,,
58516,955.85,-224.01,-2841.60,,
58536,1051.52,-296.80,-2705.92,,
58556,1140.00,-338.56,-2533.99,,
58576,1183.32,-328.96,-2315.65,,
58596,1182.71,-288.84,-2090.11,,
58616,1142.17,-214.65,-1912.03,,
58636,1047.69,-124.91,-1812.51,,
58656,890.92,-54.85,-1774.88,,
58676,714.49,-35.26,-1764.32,,
58696,584.46,-80.43,-1768.05,,
58716,510.18,-145.69,-1756.73,,
58736,499.69,-191.23,-1706.50,,
58756,537.84,-184.93,-1617.17,,
58776,590.39,-123.88,-1490.40,,
58796,624.77,-67.55,-1368.56,,
58816,617.77,-79.32,-1298.02,,
58836,570.74,-154.69,-1315.53,,
58856,498.09,-244.66,-1403.11,,
58876,419.22,-334.66,-1534.50,,
58896,324.85,-427.61,-1672.26,,
58916,245.83,-448.46,-1698.04,,
58936,202.05,-338.77,-1548.00,,
58956,174.28,-119.85,-1294.79,,
58976,149.29,95.70,-1027.19,,
58996,127.20,257.73,-804.69,,
59016,114.00,352.27,-674.69,,
59036,91.57,425.98,-629.48,,
59056,46.75,515.90,-644.01,,
59076,-34.02,633.60,-687.32,,
59096,-144.49,791.03,-721.33,,
59116,-241.86,964.45,-714.98,,
59136,-294.56,1136.13,-710.24,,
59156,-309.70,1273.45,-733.13,,
59176,-306.53,1334.99,-787.27,,
59196,-324.45,1264.75,-877.89,,
59216,-305.81,1035.57,-992.62,,
59236,-252.46,738.57,-1122.65,,
59256,-196.49,512.45,-1258.03,,
59276,-141.68,363.41,-1341.33,,
59296,-107.80,193.76,-1304.52,,
59316,-83.73,32.97,-1192.28,,
59336,-53.88,-121.53,-1039.63,,
59356,-20.66,-288.32,-889.88,,
59376,-0.45,-473.11,-764.82,,
59396,-6.56,-655.69,-662.91,,
59416,-43.64,-814.37,-587.73,,
59436,-106.05,-946.36,-549.18,,
59456,-187.54,-1053.57,-536.93,,
59476,-289.77,-1161.85,-534.93,,
59496,-400.32,-1235.56,-551.40,,
59516,-506.96,-1291.18,-592.97,,
59536,-606.38,-1324.39,-655.64,,
59556,-702.71,-1314.11,-716.66,,
59576,-798.05,-1251.50,-765.53,,
59596,-890.03,-1132.98,-817.31,,
59616,-974.52,-1008.81,-855.78,,
59636,-1061.32,-891.23,-868.38,,
59656,-1123.27,-753.92,-833.66,,
59676,-1160.12,-602.42,-758.00,,
59696,-1179.12,-478.22,-645.94,,
59716,-1189.56,-380.69,-500.96,,
59736,-1195.59,-282.68,-338.96,,
59756,-1193.99,-183.07,-179.16,,
59776,-1185.81,-87.60,-36.73,,
59796,-1177.40,5.23,77.76,,
59816,-1174.40,75.93,163.85,,
59836,-1190.91,113.49,198.08,,
59856,-1205.32,131.20,213.88,,
59876,-1235.34,151.40,203.99,,
59896,-1301.36,303.07,133.59,,
59916,-1393.08,464.91,40.44,,
59936,-1457.96,586.34,-39.22,,
59956,-1494.26,676.92,-81.70,,
59976,-1470.87,737.24,-128.32,,
59996,-1407.55,854.99,-121.75,,
60016,-1331.17,1014.89,-82.27,,
60036,-1267.52,1109.00,-26.02,,
60056,-1283.04,1105.46,126.39,,
60076,-1403.99,1026.96,375.52,,
60096,-1528.37,917.22,596.07,,
60136,-1874.37,583.20,998.72,,
60156,-2084.10,383.35,1177.38,,
60176,-2299.66,198.86,1285.96,,
60196,-2498.50,69.09,1277.47,,
60216,-2683.24,-20.31,1152.40,,
60236,-2864.81,-97.77,954.94,,
60254,-2983.54,-127.39,712.53,,
60276,-3039.04,-108.31,378.28,,
60296,-3065.14,-129.74,34.24,,
60316,-3103.58,-190.02,-286.11,,
60336,-3164.23,-247.17,-503.90,,
60356,-3244.85,-343.67,-638.14,,
60376,-3344.75,-492.13,-775.66,,
60396,-3449.62,-642.81,-935.57,,
60416,-3529.45,-733.44,-1097.94,,
60436,-3563.58,-760.12,-1277.13,,
60456,-3532.15,-738.96,-1496.52,,
60476,-3394.51,-634.32,-1752.65,,
60496,-3217.72,-504.99,-2023.35,,
60516,-3035.81,-409.78,-2288.90,,
60536,-2844.32,-361.69,-2528.68,,
60556,-2659.08,-393.10,-2727.05,,
60576,-2512.10,-551.70,-2857.43,,
60596,-2379.72,-778.77,-2926.47,,
60616,-2235.59,-1001.30,-2990.69,,
60636,-2066.00,-1188.27,-3111.02,,
60656,-1858.02,-1356.41,-3321.35,,
60676,-1633.52,-1547.24,-3619.00,,
60696,-1438.98,-1801.78,-3969.51,,
60716,-1330.84,-2118.20,-4292.67,,
60736,-1262.46,-2400.17,-4543.75,,
60756,-1174.73,-2567.98,-4734.99,,
60776,-1013.49,-2585.74,-4932.36,,
60796,-808.86,-2520.85,-5126.10,,
60816,-645.94,-2502.00,-5353.21,,
60836,-603.37,-2569.66,-5608.57,,
60856,-626.40,-2732.83,-5852.75,,
60876,-675.88,-2883.97,-6013.42,,
60896,-716.04,-2921.23,-6096.93,,
60916,-779.28,-2943.27,-6143.74,,
60936,-773.63,-3130.42,-6096.57,,
60956,-791.15,-3342.28,-5935.29,,
60976,-846.89,-3521.52,-5645.12,,
60996,-919.43,-3636.90,-5275.37,,
61016,-1061.04,-3662.18,-4895.86,,
61036,-1204.13,-3633.30,-4541.22,,
61056,-1339.38,-3555.14,-4242.83,,
61076,-1458.78,-3453.99,-3992.77,,
61096,-1561.24,-3369.85,-3772.36,,
61116,-1647.60,-3300.39,-3576.87,,
61136,-1711.93,-3239.35,-3403.01,,
61156,-1760.12,-3181.21,-3266.29,,
61176,-1795.76,-3119.22,-3160.71,,
61196,-1818.06,-3042.51,-3083.65,,
61216,-1822.56,-2953.49,-3035.86,,
61236,-1816.17,-2867.38,-3019.73,,
61256,-1813.06,-2829.66,-3019.91,,
61276,-1818.57,-2818.25,-3016.18,,
61296,-1843.69,-2818.51,-2989.05,,
61316,-1884.96,-2821.84,-2930.41,,
61336,-1933.45,-2824.53,-2850.61,,
61356,-1979.49,-2831.60,-2777.42,,
61376,-2020.15,-2833.68,-2727.04,,
61396,-2061.64,-2823.17,-2667.96,,
61416,-2109.08,-2800.93,-2560.76,,
61436,-2154.20,-2756.48,-2409.75,,
61455,-2191.52,-2675.29,-2228.06,,
61476,-2223.56,-2572.36,-2056.80,,
61496,-2252.41,-2469.30,-1922.76,,
61516,-2276.65,-2375.26,-1824.64,,
61536,-2301.31,-2293.61,-1755.87,,
61556,-2326.54,-2224.85,-1691.99,,
61575,-2350.41,-2176.37,-1621.52,,
61596,-2380.66,-2139.54,-1545.18,,
61616,-2392.79,-2096.25,-1499.93,,
61636,-2370.95,-2025.78,-1517.34,,
61656,-2319.76,-1926.02,-1599.38,,
61675,-2260.20,-1817.91,-1722.35,,
61695,-2217.09,-1737.76,-1847.26,,
61716,-2198.81,-1694.35,-1960.74,,
61736,-2197.73,-1669.33,-2069.53,,
61756,-2209.55,-1639.40,-2167.73,,
61776,-2235.76,-1611.44,-2236.99,,
61795,-2272.70,-1601.00,-2285.17,,
61816,-2319.00,-1608.82,-2333.77,,
61836,-2371.14,-1628.45,-2365.26,,
61856,-2423.99,-1655.62,-2374.00,,
61876,-2472.70,-1670.97,-2364.58,,
61895,-2509.34,-1655.20,-2332.43,,
61916,-2535.57,-1608.74,-2282.92,,
61936,-2548.69,-1577.79,-2232.25,,
61956,-2552.56,-1608.10,-2214.15,,
61976,-2551.20,-1670.87,-2254.01,,
61996,-2541.82,-1718.08,-2347.51,,
62015,-2510.25,-1706.57,-2409.17,,
62036,-2447.10,-1630.36,-2328.59,,
62055,-2340.51,-1502.68,-2103.92,,
62076,-2204.72,-1346.63,-1833.05,,
62096,-2071.53,-1181.17,-1603.36,,
62115,-1960.31,-1029.93,-1446.54,,
62136,-1853.04,-891.83,-1332.80,,
62156,-1748.79,-734.01,-1213.92,,
62175,-1606.64,-538.07,-1061.15,,
62196,-1433.86,-321.92,-911.93,,
62215,-1260.84,-110.25,-760.36,,
62236,-1102.15,92.23,-610.36,,
62256,-966.66,276.57,-473.66,,
62275,-833.11,468.80,-349.43,,
62296,-699.72,668.06,-237.94,,
62315,-591.47,807.36,-154.11,,
62336,-517.35,899.64,-56.43,,
62356,-461.01,993.26,-1.23,,
62375,-424.45,1088.19,2.95,,
62395,-392.66,1173.81,-14.37,,
62416,-341.26,1243.01,-22.45,,
62435,-280.45,1301.33,-25.81,,
62455,-223.32,1346.10,-45.16,,
62476,-176.89,1367.71,-80.92,,
62495,-133.83,1379.83,-131.19,,
62515,-94.03,1399.40,-166.11,,
62535,-54.90,1429.72,-197.45,,
62556,-4.94,1458.10,-221.99,,
62575,56.36,1473.82,-234.45,,
62595,114.09,1477.01,-232.63,,
62615,158.37,1484.12,-218.13,,
62635,196.04,1503.06,-190.30,,
62655,243.68,1536.73,-143.86,,
62676,296.29,1571.81,-80.97,,
62695,336.83,1602.74,-14.37,,
62715,359.55,1621.31,49.14,,
62735,369.95,1629.83,101.29,,
62755,378.39,1639.09,136.78,,
62775,392.45,1655.49,150.85,,
62796,409.49,1662.66,149.18,,
62816,426.02,1660.98,132.55,,
62835,433.55,1654.40,105.29,,
62855,427.07,1640.80,72.25,,
62875,410.55,1618.06,36.61,,
62895,396.22,1594.79,0.65,,
62916,386.30,1578.21,-33.84,,
62935,377.59,1568.58,-66.42,,
62956,368.45,1560.15,-93.98,,
62975,364.01,1556.30,-109.03,,
62995,350.45,1541.82,-112.11,,
63015,328.15,1537.00,-120.67,,
63035,354.01,1452.22,-61.28,,
63056,356.85,1453.02,-49.67,,
63075,336.01,1497.85,-54.88,,
63095,332.20,1519.62,-45.84,,
63115,338.77,1535.70,-7.68,,
63135,347.60,1547.50,55.60,,
63156,357.13,1560.72,116.79,,
63175,352.90,1566.67,164.60,,
63195,332.32,1569.29,183.93,,
63215,285.33,1567.96,176.69,,
63235,235.81,1549.96,147.75,,
63255,201.19,1526.25,112.79,,
63275,175.67,1501.55,74.34,,
63295,178.47,1488.38,27.54,,
63315,209.05,1487.75,0.20,,
63335,251.90,1492.06,-0.40,,
63355,293.42,1507.11,16.16,,
63375,302.72,1519.08,49.87,,
63395,291.50,1565.06,92.82,,
63415,254.03,1598.54,118.40,,
63435,187.91,1555.57,95.91,,
63455,152.46,1468.33,43.18,,
63475,126.19,1377.50,21.76,,
63495,98.07,1295.89,29.78,,
63515,69.35,1221.49,78.80,,
63535,20.95,1164.36,83.08,,
63555,-37.84,1149.35,49.78,,
63575,-86.22,1127.28,40.24,,
63595,-151.38,1075.41,45.72,,
63615,-223.77,995.32,52.07,,
63635,-308.45,864.04,56.48,,
63655,-391.49,689.18,40.88,,
63675,-469.67,508.44,-13.16,,
63695,-523.31,355.41,-92.73,,
63715,-523.86,257.00,-115.57,,
63735,-487.22,240.49,-124.35,,
63755,-450.09,286.80,-160.40,,
63775,-423.47,360.85,-246.88,,
63795,-425.71,449.03,-366.41,,
63815,-380.37,575.20,-482.70,,
63835,-321.24,775.02,-611.28,,
63855,-260.05,1019.33,-757.13,,
63875,-204.44,1245.02,-894.74,,
63895,-161.11,1423.63,-994.96,,
63915,-114.22,1583.15,-1068.35,,
63935,-60.24,1711.29,-1124.12,,
63955,-10.75,1786.00,-1169.53,,
63975,34.15,1848.58,-1212.49,,
63995,72.67,1932.45,-1256.00,,
64015,114.96,2036.24,-1307.03,,
64035,155.19,2124.48,-1343.87,,
64055,178.93,2147.80,-1328.51,,
64075,187.70,2090.78,-1253.70,,
64095,185.23,1993.33,-1161.26,,
64115,175.45,1894.12,-1081.90,,
64135,165.86,1804.94,-1006.44,,
64155,156.53,1715.47,-925.27,,
64175,150.17,1618.44,-852.39,,
64195,145.44,1524.89,-793.72,,
64215,129.05,1429.90,-753.55,,
64235,115.73,1345.76,-678.76,,
64255,103.50,1295.15,-593.84,,
64275,128.17,1281.38,-535.20,,
64295,194.25,1277.69,-494.72,,
64315,276.94,1277.16,-464.73,,
64335,351.12,1270.69,-446.38,,
64355,414.52,1268.54,-437.33,,
64375,472.48,1279.40,-434.68,,
64395,518.09,1286.88,-435.32,,
64415,553.28,1275.22,-435.97,,
64435,576.24,1237.64,-434.75,,
64455,594.94,1185.00,-427.70,,
64475,617.00,1131.13,-408.16,,
64495,627.95,1072.33,-376.90,,
64515,634.68,1011.20,-345.75,,
64535,651.92,960.41,-323.66,,
64555,676.30,925.93,-306.78,,
64575,693.14,891.25,-288.03,,
64595,690.64,845.04,-265.29,,
64615,673.61,786.00,-244.47,,
64635,657.40,721.07,-229.28,,
64655,647.29,663.61,-219.25,,
64675,639.45,618.95,-211.39,,
64695,633.27,584.58,-203.15,,
64715,624.95,548.17,-192.08,,
64735,616.84,512.60,-181.06,,
64755,614.33,486.25,-174.54,,
64775,613.95,467.59,-171.23,,
64795,612.40,449.09,-169.62,,
64815,606.86,424.72,-167.72,,
64835,602.70,406.68,-168.87,,
64855,598.36,391.65,-173.86,,
64875,592.85,381.01,-178.52,,
64895,590.33,379.77,-180.06,,
